form	lemma	POS	morph
༄༅། །		PUNCT
རྣམ་པ་	རྣམ་པ་	NOUN
ར་	ལ་	PART
བཤད་པ་	བཤད་པ་	VERB
འི་	གི་	PART
ཆུ་རྒྱུན་	ཆུ་རྒྱུན་	NOUN
བཞི་པ་	བཞི་པ་	ADJ
བཞུགས་	བཞུགས་	VERB
སོ་	སོ་	PART
།།		PUNCT
ཨོཾ་	ཨོཾ་	X
སྭ་		NON_WORD
སྟི་	སྟི་	NO_POS
སིདྡྷཾ་		NON_WORD
།		PUNCT
རྣམ་དག་	རྣམ་དག་	ADJ
ཐབས་ཚུལ་	ཐབས་ཚུལ་	NO_POS
ཟབ་མོ་	ཟབ་མོ་	ADJ
ཡི་	གིས་	PART
། །		PUNCT
རྣམ་	རྣམ་	NOUN
མང་	མང་	VERB
འགྲོ་བ་	འགྲོ་བ་	VERB
སྲིད་	སྲིད་	NOUN
མཚོ་	མཚོ་	NOUN
ལ་	ལ་	ADP
ས་	གིས་	PART
། །		PUNCT
རྣམ་པ་	རྣམ་པ་	NOUN
ར་	ལ་	PART
བསྒྲལ་	བསྒྲལ་	NO_POS
ཕྱི་	ཕྱི་	OTHER
བརྩོན་པ་	བརྩོན་པ་	VERB
ཡི་	གིས་	PART
། །		PUNCT
རྣམ་གྲོལ་	རྣམ་གྲོལ་	NOUN
མཆོག་	མཆོག་	ADJ
མཉེས་	མཉེས་	VERB
བླ་མ་	བླ་མ་	NOUN
ར་	ལ་	PART
འདུད་	འདུད་	NO_POS
། །		PUNCT
ཐབས་	ཐབས་	NOUN
མ་	མ་	PART
ཡིན་	ཡིན་	NO_POS
ལ་	ལ་	ADP
ས་	གིས་	PART
སྐྱབས་པ་	སྐྱབས་པ་	NOUN
འི་	གི་	PART
ཕྱི་	ཕྱི་	OTHER
། །		PUNCT
ཐབས་	ཐབས་	NOUN
མཆོག་	མཆོག་	ADJ
སྟོན་པ་	སྟོན་པ་	NOUN
ཁྱེད་	ཁྱེད་	PRON
རྣམས་	རྣམས་	DET
ཀྱིས་	གིས་	PART
། །		PUNCT
ཐབས་	ཐབས་	NOUN
མིན་	མིན་	AUX
ལ་	ལ་	ADP
ཞུགས་	ཞུགས་	VERB
སྐྱེ་བོ་	སྐྱེ་བོ་	NOUN
རྣམས་	རྣམས་	DET
། །		PUNCT
ཐབས་མཁས་	ཐབས་མཁས་	NO_POS
ཐུགས་རྗེ་	ཐུགས་རྗེ་	NOUN
ས་	གིས་	PART
བསྐྱབ་	བསྐྱབ་	NO_POS
ཏུ་	ལ་	PART
གསོལ་	གསོལ་	VERB
། །		PUNCT
སེམས་བསྐྱེད་	སེམས་བསྐྱེད་	NOUN
བརྒྱུད་པ་	བརྒྱུད་པ་	VERB
མེད་པ་	མེད་པ་	VERB
དང་	དང་	NO_POS
། །		PUNCT
རྗེས་འཛིན་	རྗེས་འཛིན་	NOUN
གྲངས་	གྲངས་	NOUN
ངེས་མེད་པ་	ངེས་མེད་པ་	ADJ
དང་	དང་	NO_POS
། །		PUNCT
སྟ་གོན་	སྟ་གོན་	NOUN
འབྲེལ་པ་	འབྲེལ་པ་	VERB
མེད་པ་	མེད་པ་	VERB
དང་	དང་	NO_POS
། །		PUNCT
སློབ་དཔོན་	སློབ་དཔོན་	NOUN
གྲངས་	གྲངས་	NOUN
ངེས་མེད་པ་	ངེས་མེད་པ་	ADJ
དང་	དང་	NO_POS
། །		PUNCT
ལུས་	ལུས་	NOUN
དཀྱིལ་	དཀྱིལ་	NOUN
འབྱུང་ཁུངས་	འབྱུང་ཁུངས་	OTHER
མེད་པ་	མེད་པ་	VERB
དང་	དང་	NO_POS
། །		PUNCT
དབང་	དབང་	NOUN
རྫ་	རྫ་	NOUN
ཡོངས་	ཡོངས་	DET
དག་	དག་	DET
མེད་པ་	མེད་པ་	VERB
དང་	དང་	NO_POS
། །		PUNCT
རྒྱ་	རྒྱ་	VERB
གདབ་	གདབ་	NO_POS
རིགས་	རིགས་	NOUN
མཚོན་	མཚོན་	NOUN
མེད་པ་	མེད་པ་	VERB
དང་	དང་	NO_POS
། །		PUNCT
བཟའ་བ་	བཟའ་བ་	VERB
འི་	གི་	PART
དམ་ཚིག་	དམ་ཚིག་	NOUN
མེད་པ་	མེད་པ་	VERB
ཡི་	གིས་	PART
། །		PUNCT
འདི་	འདི་	DET
ན་	ན་	ADP
ཐབས་	ཐབས་	NOUN
མཆོག་	མཆོག་	ADJ
ཐབས་	ཐབས་	NOUN
མིན་	མིན་	AUX
བྱེད་	བྱེད་	VERB
། །		PUNCT
སྨིན་	སྨིན་	VERB
བྱེད་	བྱེད་	VERB
བྱ་	བྱ་	VERB
ཀྱང་	ཀྱང་	PART
སྨིན་	སྨིན་	VERB
མིན་	མིན་	AUX
ལ་	ལ་	ADP
། །		PUNCT
གྲོལ་	གྲོལ་	VERB
བྱེད་	བྱེད་	VERB
བསྒོམ་	བསྒོམ་	VERB
ཀྱང་	ཀྱང་	PART
གྲོལ་	གྲོལ་	VERB
མིན་པ་	མིན་པ་	VERB
ས་	གིས་	PART
། །		PUNCT
དེ་ཕྱིར་	དེ་ཕྱིར་	NO_POS
འདི་དག་	འདི་དག་	NO_POS
དགག་པ་	དགག་པ་	VERB
ར་	ལ་	PART
བྱ་	བྱ་	VERB
། །		PUNCT
དེ་	དེ་	DET
ལ་	ལ་	ADP
དིང་སང་	དིང་སང་	ADV
འདི་	འདི་	DET
ན་	ན་	ADP
།		PUNCT
ཀྱཻ་		NON_WORD
རྡོ་རྗེ་	རྡོ་རྗེ་	NOUN
འི་	གི་	PART
དབང་	དབང་	NOUN
བསྐུར་	བསྐུར་	NO_POS
གྱི་	གི་	PART
སྔོན་	སྔོན་	ADV
དུ་	ལ་	PART
།		PUNCT
བརྒྱུད་པ་	བརྒྱུད་པ་	VERB
གཉིས་	གཉིས་	NUM
ཀྱི་	གི་	PART
ལུགས་	ལུགས་	NOUN
སུ་	སུ་	ADP
བྱེད་པ་	བྱེད་པ་	VERB
འི་	གི་	PART
སྐྱབས་	སྐྱབས་	NOUN
སུ་	སུ་	ADP
འགྲོ་བ་	འགྲོ་བ་	VERB
དང་སེམས་	དང་སེམས་	NO_POS
བསྐྱེད་པ་	བསྐྱེད་པ་	VERB
འི་	གི་	PART
ཆོ་ག་	ཆོ་ག་	NOUN
ཞེས་་	ཞེས་པ་	PART
།		PUNCT
རྗེ་བཙུན་	རྗེ་བཙུན་	NOUN
ཆེན་པོ་	ཆེན་པོ་	ADJ
འི་	གི་	PART
མཛད་བྱང་	མཛད་བྱང་	NO_POS
ཅན་	ཅན་	PART
འདི་	འདི་	DET
།		PUNCT
མཎྜལ་		NON_WORD
ཚོམ་བུ་	ཚོམ་བུ་	OTHER
ལྔ་པ་	ལྔ་པ་	NUM
ལ་	ལ་	ADP
བརྟེན་	བརྟེན་	VERB
ཏེ་	སྟེ་	PART
།		PUNCT
སློབ་མ་	སློབ་མ་	NOUN
ལ་	ལ་	ADP
སྦྱིན་པ་	སྦྱིན་པ་	VERB
འི་	གི་	PART
ལག་ལེན་	ལག་ལེན་	NOUN
བྱེད་	བྱེད་	VERB
དོ་	གོ་	PART
། །		PUNCT
འདི་	འདི་	DET
ནི་	ནི་	NO_POS
གཞན་	གཞན་	DET
ལ་	ལ་	ADP
ས་	གིས་	PART
ཁྱད་པར་	ཁྱད་པར་	NOUN
བྱ་བ་	བྱ་བ་	VERB
འི་	གི་	PART
ཕྱི་	ཕྱི་	OTHER
དཔེ་	དཔེ་	NOUN
ལག་	ལག་	NOUN
ཏུ་	ལ་	PART
ཐོབ་པ་	ཐོབ་པ་	VERB
ཙམ་	ཙམ་	DET
ལ་	ལ་	ADP
བརྒྱུད་པ་	བརྒྱུད་པ་	VERB
མེད་པ་	མེད་པ་	VERB
ར་	ལ་	PART
རང་	རང་	PRON
འཚམས་	འཚམས་	NO_POS
ཀྱིས་	གིས་	PART
བྱས་པ་	བྱས་པ་	VERB
ར་	ལ་	PART
མངོན་	མངོན་	VERB
ཏོ་	གོ་	PART
། །		PUNCT
གལ་ཏེ་	གལ་ཏེ་	NO_POS
བརྒྱུད་པ་	བརྒྱུད་པ་	VERB
ཡོད་པ་	ཡོད་པ་	VERB
ཞིག་	ཅིག་	PART
ཡིན་	ཡིན་	NO_POS
ན་	ན་	ADP
།		PUNCT
གཞན་	གཞན་	DET
ལ་	ལ་	ADP
ཡང་	ཀྱང་	PART
སྣང་	སྣང་	VERB
དགོས་པ་	དགོས་པ་	VERB
ལ་	ལ་	ADP
ས་	གིས་	PART
།		PUNCT
ཆོ་	ཆོ་	NOUN
འདི་པ་	འདི་པ་	PRON
འི་	གི་	PART
བརྒྱུད་པ་	བརྒྱུད་པ་	VERB
འི་	གི་	PART
སྲོལ་འཛིན་	སྲོལ་འཛིན་	NO_POS
སུ་	སུ་	ADP
ལ་	ལ་	ADP
ཡང་	ཀྱང་	PART
མི་སྣང་བ་	མི་སྣང་བ་	NO_POS
འི་	གི་	PART
ཕྱི་	ཕྱི་	OTHER
ཏེ་	སྟེ་	PART
།		PUNCT
འདི་ལྟར་	འདི་ལྟར་	NO_POS
རྒྱལ་བ་	རྒྱལ་བ་	NOUN
བྲག་ཕུག་པ་	བྲག་ཕུག་པ་	NOUN
ན་	ནས་	PART
།		PUNCT
ལམ་	གམ་	PART
འབྲས་པ་	འབྲས་པ་	NOUN
ཡེ་ཤེས་	ཡེ་ཤེས་	NOUN
དཔལ་	དཔལ་	OTHER
དང་	དང་	NO_POS
།		PUNCT
བློ་བཟང་	བློ་བཟང་	PROPN
དཀར་མོ་	དཀར་མོ་	ADJ
ན་	ནས་	PART
བརྒྱུད་པ་	བརྒྱུད་པ་	VERB
འི་	གི་	PART
མང་	མང་	VERB
དཀར་བ་	དཀར་བ་	VERB
འི་	གི་	PART
སློབ་མ་	སློབ་མ་	NOUN
རྣམས་	རྣམས་	DET
དང་	དང་	NO_POS
།		PUNCT
བྲག་ཕུག་པ་	བྲག་ཕུག་པ་	NOUN
ན་	ནས་	PART
།		PUNCT
ཆོས་རྗེ་	ཆོས་རྗེ་	NOUN
དཀོན་	དཀོན་	NO_POS
རྒྱལ་བ་	རྒྱལ་བ་	NOUN
དང་	དང་	NO_POS
།		PUNCT
ས་སྐྱ་	ས་སྐྱ་	PROPN
བུ་	བུ་	NOUN
སྟོན་ནས་	སྟོན་ནས་	NO_POS
བརྒྱུད་པ་	བརྒྱུད་པ་	VERB
།		PUNCT
ཐེག་ཆེན་	ཐེག་ཆེན་	NOUN
ཆོས་རྗེ་	ཆོས་རྗེ་	NOUN
འི་	གི་	PART
སློབ་བརྒྱུད་	སློབ་བརྒྱུད་	NOUN
རྣམས་	རྣམས་	DET
དང་	དང་	NO_POS
།		PUNCT
བྲག་ཕུག་པ་	བྲག་ཕུག་པ་	NOUN
ན་	ནས་	PART
།		PUNCT
བླ་མ་	བླ་མ་	NOUN
དམ་པ་	དམ་པ་	VERB
ལ་	ལ་	ADP
བརྒྱུད་པ་	བརྒྱུད་པ་	VERB
འི་	གི་	PART
ཆོས་རྗེ་	ཆོས་རྗེ་	NOUN
བཟུང་	བཟུང་	NO_POS
གི་	གི་	PART
དཔལ་བ་	དཔལ་བ་	OTHER
འི་	གི་	PART
སློབ་བརྒྱུད་	སློབ་བརྒྱུད་	NOUN
རྣམས་	རྣམས་	DET
དང་	དང་	NO_POS
།		PUNCT
བླ་མ་	བླ་མ་	NOUN
དམ་པ་	དམ་པ་	VERB
ན་	ནས་	PART
ཡ་	ཡ་	OTHER
ལུང་པ་	ལུང་པ་	NOUN
སེང་གེ་	སེང་གེ་	NOUN
རྒྱལ་མཚན་	རྒྱལ་མཚན་	NOUN
ན་	ནས་	PART
བརྒྱུད་པ་	བརྒྱུད་པ་	VERB
འི་	གི་	PART
སློབ་བརྒྱུད་	སློབ་བརྒྱུད་	NOUN
རྣམས་	རྣམས་	DET
དང་	དང་	NO_POS
།		PUNCT
བླ་མ་	བླ་མ་	NOUN
དམ་པ་	དམ་པ་	VERB
ན་	ནས་	PART
།		PUNCT
བླ་མ་	བླ་མ་	NOUN
དཔལ་ལྡན་	དཔལ་ལྡན་	ADJ
ཚུལ་ཁྲིམས་	ཚུལ་ཁྲིམས་	NOUN
ལ་	ལ་	ADP
བརྒྱུད་	བརྒྱུད་	NO_POS
དེ་	དེ་	DET
།		PUNCT
བླ་མ་	བླ་མ་	NOUN
ནམ་མཁའ་	ནམ་མཁའ་	NOUN
དཔལ་	དཔལ་	OTHER
བཟང་	བཟང་	VERB
དང་	དང་	NO_POS
།		PUNCT
ཆོས་རྗེ་	ཆོས་རྗེ་	NOUN
སྒྲུབ་	སྒྲུབ་	VERB
ཆེན་	ཆེན་	NO_POS
ན་	ནས་	PART
བརྒྱུད་པ་	བརྒྱུད་པ་	VERB
འི་	གི་	PART
སློབ་བརྒྱུད་	སློབ་བརྒྱུད་	NOUN
རྣམས་	རྣམས་	DET
དང་	དང་	NO_POS
།		PUNCT
བླ་མ་	བླ་མ་	NOUN
དཔལ་ལྡན་	དཔལ་ལྡན་	ADJ
ཚུལ་ཁྲིམས་	ཚུལ་ཁྲིམས་	NOUN
ན་	ནས་	PART
།		PUNCT
ཆོས་རྗེ་	ཆོས་རྗེ་	NOUN
བཟང་པོ་	བཟང་པོ་	ADJ
རྒྱལ་མཚན་	རྒྱལ་མཚན་	NOUN
ལ་	ལ་	ADP
ས་	གིས་	PART
བརྒྱུད་པ་	བརྒྱུད་པ་	VERB
འི་	གི་	PART
སློབ་བརྒྱུད་	སློབ་བརྒྱུད་	NOUN
རྣམས་	རྣམས་	DET
དང་	དང་	NO_POS
།		PUNCT
བླ་མ་	བླ་མ་	NOUN
དཔལ་ལྡན་	དཔལ་ལྡན་	ADJ
ཚུལ་ཁྲིམས་	ཚུལ་ཁྲིམས་	NOUN
ན་	ནས་	PART
།		PUNCT
ཆོས་རྗེ་	ཆོས་རྗེ་	NOUN
བུདྡྷ་		NON_WORD
ཤྲཱི་		NON_WORD
དང་	དང་	NO_POS
།		PUNCT
རྡོ་		
གླིང་	གླིང་	NOUN
རིན་པོ་ཆེ་	རིན་པོ་ཆེ་	ADJ
ལ་	ལ་	ADP
ས་	གིས་	PART
བརྒྱུད་པ་	བརྒྱུད་པ་	VERB
འི་	གི་	PART
སློབ་བརྒྱུད་	སློབ་བརྒྱུད་	NOUN
རྣམས་	རྣམས་	DET
དང་	དང་	NO_POS
།		PUNCT
ཡང་	ཀྱང་	PART
།		PUNCT
བྲག་ཕུག་པ་	བྲག་ཕུག་པ་	NOUN
ན་	ནས་	PART
བརྒྱུད་	བརྒྱུད་	NO_POS
མི་	མི་	PART
དགོས་པ་	དགོས་པ་	VERB
།		PUNCT
ཚོགས་	ཚོགས་	NOUN
བསྒོམ་	བསྒོམ་	VERB
།		PUNCT
ཉན་	ཉན་	VERB
ཆེན་པ་	ཆེན་པ་	NO_POS
།		PUNCT
བླ་མ་	བླ་མ་	NOUN
འཇམ་	འཇམ་	VERB
སྐྱ་	སྐྱ་	VERB
འོ་	གོ་	PART
། །		PUNCT
མཉམ་མེད་	མཉམ་མེད་	ADJ
ཆོས་རྗེ་	ཆོས་རྗེ་	NOUN
ལ་	ལ་	ADP
ས་	གིས་	PART
བརྒྱུད་པ་	བརྒྱུད་པ་	VERB
འི་	གི་	PART
སློབ་བརྒྱུད་	སློབ་བརྒྱུད་	NOUN
རྣམས་	རྣམས་	DET
ཏེ་	སྟེ་	PART
།		PUNCT
དེ་	དེ་	DET
རྣམས་	རྣམས་	DET
སུ་	སུ་	ADP
ལ་	ལ་	ADP
ཡང་	ཀྱང་	PART
ཡི་གེ་	ཡི་གེ་	NOUN
འདི་	འདི་	DET
འི་	གི་	PART
ཆོ་ག་	ཆོ་ག་	NOUN
ཕྱག་ལེན་	ཕྱག་ལེན་	NOUN
དང་	དང་	NO_POS
བཅའ་	བཅའ་	VERB
ཏེ་	སྟེ་	PART
རྒྱུད་སྡེ་	རྒྱུད་སྡེ་	NOUN
འོངས་པ་	འོངས་པ་	VERB
མེད་	མེད་	VERB
དོ་	གོ་	PART
། །		PUNCT
དེ་	དེ་	DET
ར་	ལ་	PART
མ་ཟད་	མ་ཟད་	NO_POS
།		PUNCT
མཁན་ཆེན་	མཁན་ཆེན་	OTHER
ཤེས་རབ་	ཤེས་རབ་	NOUN
རྡོ་རྗེ་པ་	རྡོ་རྗེ་པ་	NOUN
ས་	གིས་	PART
བླ་མ་	བླ་མ་	NOUN
རྗེ་བཙུན་	རྗེ་བཙུན་	NOUN
ཆེན་པོ་	ཆེན་པོ་	ADJ
འི་	གི་	PART
གསུང་རབ་	གསུང་རབ་	NOUN
རྣམས་	རྣམས་	DET
།		PUNCT
བླ་མ་	བླ་མ་	NOUN
བཅུ་གཅིག་	བཅུ་གཅིག་	NO_POS
ལ་	ལ་	ADP
ས་	གིས་	PART
ལུང་	ལུང་	NOUN
ལེན་པ་	ལེན་པ་	VERB
ར་	ལ་	PART
མཛད་པ་	མཛད་པ་	VERB
།		PUNCT
དིང་སང་	དིང་སང་	ADV
གི་	གི་	PART
བཀའ་འབུམ་	བཀའ་འབུམ་	NOUN
ཐོབ་ཡིག་	ཐོབ་ཡིག་	OTHER
རྣམས་	རྣམས་	DET
སུ་	སུ་	ADP
ཡི་གེ་	ཡི་གེ་	NOUN
འདི་	འདི་	DET
མ་བྱུང་བ་	མ་བྱུང་བ་	NO_POS
ས་	གིས་	PART
།		PUNCT
བླ་མ་	བླ་མ་	NOUN
བཅུ་གཅིག་པོ་	བཅུ་གཅིག་པོ་	NO_POS
དེ་དག་	དེ་དག་	OTHER
ལ་	ལ་	ADP
ཡང་	ཀྱང་	PART
ལུང་	ལུང་	NOUN
ཙམ་	ཙམ་	DET
ཡང་	ཀྱང་	PART
མི་	མི་	PART
བཞུགས་པ་	བཞུགས་པ་	VERB
ར་	ལ་	PART
སྣང་	སྣང་	VERB
ལ་	ལ་	ADP
།		PUNCT
བཀའ་འབུམ་	བཀའ་འབུམ་	NOUN
སྔ་	སྔ་	ADV
སྒྲིགས་	སྒྲིགས་	VERB
གང་	གང་	NO_POS
ན་	ན་	ADP
ཡང་	ཀྱང་	PART
མེད་	མེད་	VERB
ཅིང་	ཅིང་	PART
།		PUNCT
དཔེ་	དཔེ་	NOUN
འདི་	འདི་	DET
སྒོ་	སྒོ་	NOUN
རུམ་	རུམ་	NOUN
དཔེ་ཁང་	དཔེ་ཁང་	NO_POS
ན་	ནས་	PART
ངོ་	ངོ་	PART
ར་	ལ་	PART
ཆེན་	ཆེན་	NO_POS
གྱིས་	གིས་	PART
རྙེད་	རྙེད་	VERB
དོ་	གོ་	PART
ཞེ་	ཅེས་	PART
ཟེར་བ་	ཟེར་བ་	VERB
ས་	གིས་	PART
།		PUNCT
བརྒྱུད་པ་	བརྒྱུད་པ་	VERB
དེ་	དེ་	DET
རྟོགས་པ་	རྟོགས་པ་	VERB
ཡིན་	ཡིན་	NO_POS
ནོ་	གོ་	PART
། །		PUNCT
ཡང་	ཀྱང་	PART
ཁ་ཅིག་	ཁ་ཅིག་	PRON
སློབ་མ་	སློབ་མ་	NOUN
རྗེས་འཛིན་	རྗེས་འཛིན་	NOUN
གྱི་	གི་	PART
སྐབས་	སྐབས་	NOUN
སུ་	སུ་	ADP
ཉི་ཤུ་	ཉི་ཤུ་	NUM
རྩ་	རྩ་	NUM
ལྔ་	ལྔ་	NUM
ལ་	ལ་	ADP
ས་	གིས་	PART
ཐལ་	ཐལ་	VERB
ཏེ་	སྟེ་	PART
བརྒྱ་	བརྒྱ་	NUM
ཕྲག་	ཕྲག་	NUM
དུ་མ་	དུ་མ་	ADJ
དག་	དག་	DET
ལ་	ལ་	ADP
རྗེས་འཛིན་	རྗེས་འཛིན་	NOUN
གྱི་	གི་	PART
ཆོ་ག་	ཆོ་ག་	NOUN
ཕྱོགས་	ཕྱོགས་	NOUN
གཅིག་	གཅིག་	NUM
ཏུ་	ལ་	PART
བྱེད་	བྱེད་	VERB
དོ་	གོ་	PART
། །		PUNCT
འདི་	འདི་	DET
ནི་	ནི་	NO_POS
ཤིན་ཏུ་	ཤིན་ཏུ་	NO_POS
མི་རིགས་	མི་རིགས་	NOUN
ཏེ་	སྟེ་	PART
།		PUNCT
སྤྱི་		
རྒྱུད་	རྒྱུད་	NOUN
ཀྱི་	གི་	PART
ལུང་	ལུང་	NOUN
དང་	དང་	NO_POS
འགལ་བ་	འགལ་བ་	VERB
དང་	དང་	NO_POS
།		PUNCT
རྗེ་བཙུན་	རྗེ་བཙུན་	NOUN
གོང་མ་	གོང་མ་	ADJ
འི་	གི་	PART
གསུང་	གསུང་	VERB
དང་	དང་	NO_POS
འགལ་བ་	འགལ་བ་	VERB
དང་	དང་	NO_POS
།		PUNCT
རང་	རང་	PRON
གི་	གི་	PART
སྟ་གོན་	སྟ་གོན་	NOUN
སོགས་	སོགས་	DET
ཀྱི་	གི་	PART
གྲངས་	གྲངས་	NOUN
ངེས་	ངེས་	VERB
དང་	དང་	NO_POS
འགལ་བ་	འགལ་བ་	VERB
འི་	གི་	PART
ཕྱི་	ཕྱི་	OTHER
རོ་	རོ་	NOUN
། །		PUNCT
དང་པོ་	དང་པོ་	ADJ
སྤྱི་	སྤྱི་	DET
རྒྱུད་	རྒྱུད་	NOUN
ཀྱི་	གི་	PART
ལུང་	ལུང་	NOUN
དང་	དང་	NO_POS
འགལ་	འགལ་	VERB
ཏེ་	སྟེ་	PART
།		PUNCT
དེ་ཉིད་	དེ་ཉིད་	NOUN
ལ་	ལ་	ADP
ས་	གིས་	PART
།		PUNCT
མཁས་པ་	མཁས་པ་	VERB
ས་	གིས་	PART
སློབ་མ་	སློབ་མ་	NOUN
གཅིག་	གཅིག་	NUM
གམ་	གམ་	PART
གསུམ་	གསུམ་	NUM
། །		PUNCT
ལྔ་	ལྔ་	NUM
འམ་	གམ་	PART
ཡང་ན་	ཡང་ན་	NO_POS
བདུན་	བདུན་	NUM
དག་	དག་	DET
གམ་	གམ་	PART
། །		PUNCT
ཉི་ཤུ་	ཉི་ཤུ་	NUM
རྩ་	རྩ་	NUM
ནི་	ནི་	NO_POS
ལྔ་	ལྔ་	NUM
ཡི་	ཡི་	ADP
བ་	བ་	NOUN
། །		PUNCT
ཟུང་	ཟུང་	VERB
དུ་མ་	དུ་མ་	ADJ
གྱུར་	གྱུར་	VERB
སློབ་མ་	སློབ་མ་	NOUN
བཟུང་	བཟུང་	NO_POS
། །		PUNCT
དེ་བ་	དེ་བ་	OTHER
ས་	གིས་	PART
ལྷག་པ་	ལྷག་པ་	VERB
འི་	གི་	PART
སློབ་མ་	སློབ་མ་	NOUN
ནི་	ནི་	NO_POS
། །		PUNCT
ཡོངས་སུ་	ཡོངས་སུ་	NO_POS
གཟུང་བ་	གཟུང་བ་	VERB
ར་	ལ་	PART
མི་	མི་	PART
ཤི་	ཤི་	VERB
ས་	གིས་	PART
སོ་	སོ་	PART
"།

།"		PUNCT
ཞེ་	ཅེས་	PART
ཉེ་	ཉེ་	NUM
ལྔ་	ལྔ་	NUM
ལ་	ལ་	ADP
ས་	གིས་	PART
ལྷག་པ་	ལྷག་པ་	VERB
དངོ་	དངོ་	NOUN
སུ་	སུ་	ADP
བཀག་པ་	བཀག་པ་	VERB
འི་	གི་	PART
ཕྱི་	ཕྱི་	OTHER
།		PUNCT
གཉིས་པ་	གཉིས་པ་	NUM
རྗེ་བཙུན་	རྗེ་བཙུན་	NOUN
གོང་མ་	གོང་མ་	ADJ
འི་	གི་	PART
གསུང་	གསུང་	VERB
དང་	དང་	NO_POS
འགལ་	འགལ་	VERB
ཏེ་	སྟེ་	PART
།		PUNCT
དབང་	དབང་	NOUN
ཆུ་ཆེན་པོ་	ཆུ་ཆེན་པོ་	OTHER
ལ་	ལ་	ADP
ས་	གིས་	PART
དེ་ལྟ་	དེ་ལྟ་	NO_POS
འབྲེལ་	འབྲེལ་	VERB
བརྟགས་	བརྟགས་	VERB
ན་	ནས་	PART
མཚན་ཉིད་	མཚན་ཉིད་	NOUN
དང་	དང་	NO_POS
ལྡན་པ་	ལྡན་པ་	VERB
འི་	གི་	PART
སློབ་མ་	སློབ་མ་	NOUN
གཅིག་	གཅིག་	NUM
ན་	ནས་	PART
ཉི་ཤུ་	ཉི་ཤུ་	NUM
རྩ་	རྩ་	NUM
ལྔ་	ལྔ་	NUM
འི་	གི་	PART
བ་	བ་	NOUN
ཁ་ཡར་་	ཁ་ཡར་བ་	NO_POS
གཟུང་བ་	གཟུང་བ་	VERB
ར་	ལ་	PART
བྱ་	བྱ་	VERB
འོ་	གོ་	PART
། །		PUNCT
ཁ་	ཁ་	PRON
འཆམས་པ་	འཆམས་པ་	NO_POS
དང་	དང་	NO_POS
དེ་ལས་	དེ་ལས་	NO_POS
ལྷག་པ་	ལྷག་པ་	VERB
དཀྱིལ་འཁོར་	དཀྱིལ་འཁོར་	NOUN
གཅིག་	གཅིག་	NUM
ཏུ་	ལ་	PART
མི་	མི་	PART
བཟུང་	བཟུང་	NO_POS
སྟེ་	སྟེ་	PART
།		PUNCT
དེ་སྐད་	དེ་སྐད་	NO_POS
དུ་	ལ་	PART
།		PUNCT
མཁས་པ་	མཁས་པ་	VERB
ས་	གིས་	PART
སློབ་མ་	སློབ་མ་	NOUN
གཅིག་	གཅིག་	NUM
གམ་	གམ་	PART
གསུམ་	གསུམ་	NUM
། །		PUNCT
ཞེ་	ཅེས་	PART
སོགས་	སོགས་	DET
གྲངས་	གྲངས་	NOUN
ཏེ་	སྟེ་	PART
གསུངས་པ་	གསུངས་པ་	VERB
འི་	གི་	PART
ཕྱི་	ཕྱི་	OTHER
རོ་	རོ་	NOUN
། །		PUNCT
གསུམ་པ་	གསུམ་པ་	NUM
རང་	རང་	PRON
གི་	གི་	PART
སྟ་གོན་	སྟ་གོན་	NOUN
སོགས་	སོགས་	DET
ཀྱིས་	གིས་	PART
གྲངས་	གྲངས་	NOUN
ངེས་	ངེས་	VERB
དང་	དང་	NO_POS
འགལ་	འགལ་	VERB
ཏེ་	སྟེ་	PART
།		PUNCT
སྟ་གོན་	སྟ་གོན་	NOUN
ཀྱི་	གི་	PART
སྐབས་	སྐབས་	NOUN
ཀྱི་	གི་	PART
སློབ་མ་	སློབ་མ་	NOUN
འི་	གི་	PART
གྲངས་	གྲངས་	NOUN
ངེས་	ངེས་	VERB
།		PUNCT
རྗེས་འཛིན་	རྗེས་འཛིན་	NOUN
ལ་	ལ་	ADP
ལྟོ་	ལྟོ་	VERB
དགོས་	དགོས་	VERB
ཀྱི་	གི་	PART
།		PUNCT
དེ་ལས་	དེ་ལས་	NO_POS
གཞན་པ་	གཞན་པ་	DET
འི་	གི་	PART
སྟ་གོན་	སྟ་གོན་	NOUN
གྱི་	གི་	PART
གྲངས་	གྲངས་	NOUN
ངེས་	ངེས་	VERB
།		PUNCT
སྤྱི་	སྤྱི་	DET
རྒྱུད་	རྒྱུད་	NOUN
དང་	དང་	NO_POS
།		PUNCT
རྗེ་བཙུན་	རྗེ་བཙུན་	NOUN
གོང་མ་	གོང་མ་	ADJ
འི་	གི་	PART
དབང་	དབང་	NOUN
ཆུ་	ཆུ་	NOUN
འི་	གི་	PART
ཡི་གེ་	ཡི་གེ་	NOUN
གང་	གང་	NO_POS
དུ་	ལ་	PART
ཡང་	ཀྱང་	PART
མ་	མ་	PART
གསུངས་པ་	གསུངས་པ་	VERB
འི་	གི་	PART
ཕྱི་	ཕྱི་	OTHER
རོ་	རོ་	NOUN
། །		PUNCT
དེ་ཡང་	དེ་ཡང་	ADV
སྤྱི་	སྤྱི་	DET
རྒྱུད་	རྒྱུད་	NOUN
ལ་	ལ་	ADP
ས་	གིས་	PART
།		PUNCT
སློབ་མ་	སློབ་མ་	NOUN
ཡོངས་སུ་	ཡོངས་སུ་	NO_POS
བཟུང་བ་	བཟུང་བ་	VERB
གང་	གང་	NO_POS
། །		PUNCT
སྟ་གོན་	སྟ་གོན་	NOUN
གནས་	གནས་	NOUN
ཚེ་	ཚེ་	NOUN
མེད་	མེད་	VERB
ན་	ན་	ADP
ནི་	ནི་	NO_POS
། །		PUNCT
དེ་	དེ་	DET
ཡི་	ཡི་	ADP
གཟུགས་བརྙན་	གཟུགས་བརྙན་	NOUN
བྱ་	བྱ་	VERB
ན་	ནས་	PART
ནི་	ནི་	NO_POS
། །		PUNCT
ཇི་སྐད་	ཇི་སྐད་	NO_POS
གསུང་པ་	གསུང་པ་	VERB
འི་	གི་	PART
ལ་	ལ་	ADP
ས་	གིས་	PART
རྣམས་	རྣམས་	DET
བྱ་	བྱ་	VERB
། །		PUNCT
སློབ་མ་	སློབ་མ་	NOUN
ཡོངས་སུ་	ཡོངས་སུ་	NO_POS
བཟུང་བ་	བཟུང་བ་	VERB
གང་	གང་	NO_POS
། །		PUNCT
གལ་ཏེ་	གལ་ཏེ་	NO_POS
རྐྱེན་	རྐྱེན་	NOUN
འགའ་ཞིག་	འགའ་ཞིག་	OTHER
གིས་	གིས་	PART
ནི་	ནི་	NO_POS
། །		PUNCT
དེ་	དེ་	DET
ར་	ལ་	PART
ནི་	ནི་	NO_POS
འོངས་པ་	འོངས་པ་	VERB
ར་	ལ་	PART
མ་	མ་	PART
གྱུར་	གྱུར་	VERB
ན་	ན་	ADP
། །		PUNCT
གཞན་	གཞན་	DET
ཞིག་	ཅིག་	PART
དེ་	དེ་	DET
འི་	གི་	PART
སྐྱིན་པ་	སྐྱིན་པ་	VERB
ར་	ལ་	PART
བཞུགས་	བཞུགས་	VERB
། །		PUNCT
ཞེ་	ཅེས་	PART
གསུང་པ་	གསུང་པ་	VERB
འདི་	འདི་	DET
ལ་	ལ་	ADP
ས་	གིས་	PART
གཞན་པ་	གཞན་པ་	DET
འི་	གི་	PART
སྟ་གོན་	སྟ་གོན་	NOUN
གྱི་	གི་	PART
སྐབས་	སྐབས་	NOUN
ཀྱི་	གི་	PART
སློབ་མ་	སློབ་མ་	NOUN
འི་	གི་	PART
གྲངས་	གྲངས་	NOUN
ངེས་	ངེས་	VERB
མ་	མ་	PART
གསུངས་པ་	གསུངས་པ་	VERB
ས་	གིས་	PART
།		PUNCT
རྗེས་བཟུང་	རྗེས་བཟུང་	NO_POS
གི་	གི་	PART
དུས་	དུས་	NOUN
ཀྱི་	གི་	PART
སློབ་མ་	སློབ་མ་	NOUN
འི་	གི་	PART
གྲངས་	གྲངས་	NOUN
གང་ཡོད་	གང་ཡོད་	NO_POS
ཀྱི་	གི་	PART
ནང་	ནང་	NOUN
ན་	ནས་	PART
ལ་ལ་	ལ་ལ་	PRON
དག་	དག་	DET
སྟ་གོན་	སྟ་གོན་	NOUN
གྱི་	གི་	PART
དུས་	དུས་	NOUN
སུ་	སུ་	ADP
མ་ཚང་	མ་ཚང་	NO_POS
ན་	ན་	ADP
གང་	གང་	NO_POS
མ་ཚང་བ་	མ་ཚང་བ་	NO_POS
དེ་ཉིད་	དེ་ཉིད་	NOUN
ཀྱིས་	གིས་	PART
གཟུགས་བརྙན་	གཟུགས་བརྙན་	NOUN
བྱ་བ་	བྱ་བ་	VERB
འམ་	གམ་	PART
།		PUNCT
ཡང་ན་	ཡང་ན་	NO_POS
།		PUNCT
སློབ་མ་	སློབ་མ་	NOUN
གཞན་དག་	གཞན་དག་	NO_POS
གྲངས་	གྲངས་	NOUN
མཐུན་	མཐུན་	VERB
གྱིས་	གིས་	PART
ཁ་	ཁ་	PRON
བསྐང་	བསྐང་	NO_POS
སྟེ་	སྟེ་	PART
ཚང་བ་	ཚང་བ་	VERB
ར་	ལ་	PART
བྱ་	བྱ་	VERB
ན་	ནས་	PART
སྟ་གོན་	སྟ་གོན་	NOUN
བྱ་བ་	བྱ་བ་	VERB
ར་	ལ་	PART
གསུངས་པ་	གསུངས་པ་	VERB
ས་	གིས་	PART
།		PUNCT
བརྒྱ་	བརྒྱ་	NUM
ཕྲག་	ཕྲག་	NUM
དུ་མ་	དུ་མ་	ADJ
ལ་	ལ་	ADP
རྗེས་	རྗེས་	NOUN
གཟུང་	གཟུང་	VERB
གི་	གི་	PART
ཆོ་ག་	ཆོ་ག་	NOUN
བྱས་པ་	བྱས་པ་	VERB
ས་	གིས་	PART
།		PUNCT
ཐམས་ཅད་	ཐམས་ཅད་	DET
ཚང་བ་	ཚང་བ་	VERB
ར་	ལ་	PART
ཡོད་	ཡོད་	VERB
བཞིན་	བཞིན་	NOUN
དུ་	ལ་	PART
།		PUNCT
ཉེ་	ཉེ་	NUM
ལྔ་	ལྔ་	NUM
ལ་	ལ་	ADP
ས་	གིས་	PART
ལྷག་པ་	ལྷག་པ་	VERB
ལ་	ལ་	ADP
སྟ་གོན་	སྟ་གོན་	NOUN
མི་	མི་	PART
བྱེད་པ་	བྱེད་པ་	VERB
འགལ་བ་	འགལ་བ་	VERB
འི་	གི་	PART
ཕྱི་	ཕྱི་	OTHER
དང་	དང་	NO_POS
།		PUNCT
ལྷག་མ་	ལྷག་མ་	NOUN
རྣམས་	རྣམས་	DET
ལ་	ལ་	ADP
ཡང་	ཀྱང་	PART
གཟུགས་བརྙན་	གཟུགས་བརྙན་	NOUN
ནམ་	ནམ་	PRON
།		PUNCT
གཞན་	གཞན་	DET
སྐྱིན་པ་	སྐྱིན་པ་	VERB
ར་	ལ་	PART
འཇུག་པ་	འཇུག་པ་	VERB
དག་	དག་	DET
མི་	མི་	PART
བྱེད་པ་	བྱེད་པ་	VERB
འགལ་བ་	འགལ་བ་	VERB
འི་	གི་	PART
ཕྱི་	ཕྱི་	OTHER
རོ་	རོ་	NOUN
། །		PUNCT
གལ་ཏེ་	གལ་ཏེ་	NO_POS
གཟུགས་བརྙན་	གཟུགས་བརྙན་	NOUN
ནམ་	ནམ་	PRON
།		PUNCT
གཞན་	གཞན་	DET
སྐྱིན་པ་	སྐྱིན་པ་	VERB
ར་	ལ་	PART
བཞུགས་པ་	བཞུགས་པ་	VERB
དག་	དག་	DET
ཕྱག་ལེན་	ཕྱག་ལེན་	NOUN
ལ་མ་	ལ་མ་	NO_POS
མཐོང་བ་	མཐོང་བ་	VERB
ས་	གིས་	PART
མི་	མི་	PART
བྱེད་	བྱེད་	VERB
དོ་	གོ་	PART
ཞེ་ན་	ཅེ་ན་	PART
།		PUNCT
འོ་ན་	འོ་ན་	NO_POS
ཉེ་	ཉེ་	NUM
ལྔ་	ལྔ་	NUM
ལ་	ལ་	ADP
ས་	གིས་	PART
ལྷག་པ་	ལྷག་པ་	VERB
ལ་	ལ་	ADP
རྗེས་	རྗེས་	NOUN
གཟུང་	གཟུང་	VERB
གི་	གི་	PART
ཆོ་ག་	ཆོ་ག་	NOUN
བྱེད་པ་	བྱེད་པ་	VERB
ཡང་	ཀྱང་	PART
མ་	མ་	PART
མཐོང་	མཐོང་	VERB
བཞིན་	བཞིན་	NOUN
དུ་	ལ་	PART
ཅི་ཕྱིར་	ཅི་ཕྱིར་	NO_POS
བྱེད་	བྱེད་	VERB
།		PUNCT
དབང་	དབང་	NOUN
དངོས་གཞི་	དངོས་གཞི་	NOUN
འི་	གི་	PART
སྐབས་	སྐབས་	NOUN
ཀྱི་	གི་	PART
གྲངས་	གྲངས་	NOUN
ངེས་	ངེས་	VERB
ཀྱང་	ཀྱང་	PART
།		PUNCT
སྤྱི་	སྤྱི་	DET
རྒྱུད་	རྒྱུད་	NOUN
ལ་	ལ་	ADP
ས་	གིས་	PART
།		PUNCT
སྟ་གོན་	སྟ་གོན་	NOUN
གནས་པ་	གནས་པ་	VERB
བྱས་པ་	བྱས་པ་	VERB
ལ་	ལ་	ADP
། །		PUNCT
གལ་ཏེ་	གལ་ཏེ་	NO_POS
རྐྱེན་	རྐྱེན་	NOUN
གྱིས་	གིས་	PART
མ་འོངས་	མ་འོངས་	NOUN
ན་	ན་	ADP
། །		PUNCT
བླ་མ་	བླ་མ་	NOUN
བློ་ལྡན་	བློ་ལྡན་	NOUN
མཁས་པ་	མཁས་པ་	VERB
ཡི་	གིས་	PART
། །		PUNCT
དེ་	དེ་	DET
ར་	ལ་	PART
ནི་	ནི་	NO_POS
སློབ་མ་	སློབ་མ་	NOUN
གཞན་	གཞན་	DET
མི་	མི་	PART
གཟུང་	གཟུང་	VERB
། །		PUNCT
ཞེ་	ཅེས་	PART
གསུངས་པ་	གསུངས་པ་	VERB
ས་	གིས་	PART
།		PUNCT
རྒྱུད་སྡེ་	རྒྱུད་སྡེ་	NOUN
ལ་	ལ་	ADP
ས་	གིས་	PART
དངོས་གཞི་	དངོས་གཞི་	NOUN
འི་	གི་	PART
གྲངས་	གྲངས་	NOUN
ངེས་	ངེས་	VERB
སློབ་མ་	སློབ་མ་	NOUN
རྗེས་འཛིན་	རྗེས་འཛིན་	NOUN
གྱི་	གི་	PART
གྲངས་	གྲངས་	NOUN
ལ་	ལ་	ADP
ལྟོས་པ་	ལྟོས་པ་	VERB
ར་	ལ་	PART
གསུངས་པ་	གསུངས་པ་	VERB
འི་	གི་	PART
ཕྱི་	ཕྱི་	OTHER
རོ་	རོ་	NOUN
། །		PUNCT
ཡང་	ཀྱང་	PART
ཁ་ཅིག་	ཁ་ཅིག་	PRON
སློབ་མ་	སློབ་མ་	NOUN
མང་པོ་	མང་པོ་	ADJ
དག་	དག་	DET
ལ་	ལ་	ADP
དབང་	དབང་	NOUN
བསྐུར་	བསྐུར་	NO_POS
བྱེད་པ་	བྱེད་པ་	VERB
འི་	གི་	PART
ཚེ་	ཚེ་	NOUN
།		PUNCT
ནུབ་	ནུབ་	ADV
དང་པོ་	དང་པོ་	ADJ
ལ་	ལ་	ADP
བདག་བསྐྱེད་	བདག་བསྐྱེད་	OTHER
ཚ་	ཚ་	VERB
ན་	ནས་	PART
ས་	ས་	ADP
འི་	གི་	PART
ལྷ་མོ་	ལྷ་མོ་	NOUN
སྟ་གོན་	སྟ་གོན་	NOUN
།		PUNCT
ལྷ་	ལྷ་	NOUN
སྟ་གོན་	སྟ་གོན་	NOUN
།		PUNCT
བུམ་པ་	བུམ་པ་	NOUN
སྟ་གོན་	སྟ་གོན་	NOUN
རྣམས་	རྣམས་	DET
བྱ་	བྱ་	VERB
ན་	ནས་	PART
།		PUNCT
སྟ་གོན་	སྟ་གོན་	NOUN
གསུམ་པོ་	གསུམ་པོ་	NUM
དེ་ཉིད་	དེ་ཉིད་	NOUN
དང་	དང་	NO_POS
འབྲེལ་པ་	འབྲེལ་པ་	VERB
ར་	ལ་	PART
།		PUNCT
སློབ་མ་	སློབ་མ་	NOUN
ཉི་ཤུ་	ཉི་ཤུ་	NUM
རྩ་	རྩ་	NUM
ལྔ་	ལྔ་	NUM
ལ་	ལ་	ADP
།		PUNCT
སློབ་མ་	སློབ་མ་	NOUN
སྟ་གོན་	སྟ་གོན་	NOUN
བྱ་	བྱ་	VERB
ཏེ་	སྟེ་	PART
།		PUNCT
སང་ཉིན་	སང་ཉིན་	ADV
རྡུལ་ཚོན་	རྡུལ་ཚོན་	NOUN
གྱི་	གི་	PART
དཀྱིལ་འཁོར་	དཀྱིལ་འཁོར་	NOUN
བྲིས་	བྲིས་	VERB
ན་	ནས་	PART
།		PUNCT
སྒྲུབ་མཆོད་	སྒྲུབ་མཆོད་	OTHER
བྱ་	བྱ་	VERB
ཏེ་	སྟེ་	PART
།		PUNCT
ཁ་སང་	ཁ་སང་	ADV
སྟ་གོན་	སྟ་གོན་	NOUN
བྱས་པ་	བྱས་པ་	VERB
འི་	གི་	PART
སློབ་མ་	སློབ་མ་	NOUN
རྣམས་	རྣམས་	DET
ལ་	ལ་	ADP
དབང་	དབང་	NOUN
བསྐུར་	བསྐུར་	NO_POS
བྱེད་པ་	བྱེད་པ་	VERB
དེ་ཉིད་	དེ་ཉིད་	NOUN
ཚུལ་	ཚུལ་	NOUN
དང་	དང་	NO_POS
མཐུན་	མཐུན་	VERB
མོད་	མོད་	VERB
།		PUNCT
དེ་	དེ་	DET
མན་ཆད་	མན་ཆད་	ADV
ཀྱི་	གི་	PART
སློབ་མ་	སློབ་མ་	NOUN
རྣམས་	རྣམས་	DET
ལ་	ལ་	ADP
།		PUNCT
དབང་	དབང་	NOUN
བསྐུར་	བསྐུར་	NO_POS
དེ་ཉིད་	དེ་ཉིད་	NOUN
རྫོགས་	རྫོགས་	VERB
མ་	མ་	PART
ཐག་	ཐག་	VERB
སློབ་མ་	སློབ་མ་	NOUN
ཉི་ཤུ་	ཉི་ཤུ་	NUM
རྩ་	རྩ་	NUM
ལྔ་པ་	ལྔ་པ་	NUM
གཞན་	གཞན་	DET
ཞིག་	ཅིག་	PART
བོ་	བོ་	VERB
ཏེ་	སྟེ་	PART
སློབ་མ་	སློབ་མ་	NOUN
སྟ་གོན་	སྟ་གོན་	NOUN
བྱ་	བྱ་	VERB
ན་	ནས་	PART
།		PUNCT
དཀྱིལ་འཁོར་	དཀྱིལ་འཁོར་	NOUN
དེ་ཉིད་	དེ་ཉིད་	NOUN
ལ་	ལ་	ADP
བསྒྲུབ་མཆོད་	བསྒྲུབ་མཆོད་	NO_POS
བྱ་	བྱ་	VERB
ཏེ་	སྟེ་	PART
།		PUNCT
ཁ་སང་	ཁ་སང་	ADV
སྟ་གོན་	སྟ་གོན་	NOUN
བྱས་པ་	བྱས་པ་	VERB
དེ་	དེ་	DET
རྣམས་	རྣམས་	DET
ལ་	ལ་	ADP
དབང་	དབང་	NOUN
བསྐུར་བ་	བསྐུར་བ་	VERB
ར་	ལ་	PART
བྱེད་	བྱེད་	VERB
ཅིང་	ཅིང་	PART
།		PUNCT
དེ་	དེ་	DET
མ་	མ་	PART
ཐག་	ཐག་	VERB
གཞན་	གཞན་	DET
ཉི་ཤུ་	ཉི་ཤུ་	NUM
རྩ་	རྩ་	NUM
ལྔ་པ་	ལྔ་པ་	NUM
སྟ་གོན་	སྟ་གོན་	NOUN
བྱེད་	བྱེད་	VERB
དེ་	དེ་	DET
།		PUNCT
དེ་ལྟ་	དེ་ལྟ་	NO_POS
རྒྱུད་	རྒྱུད་	NOUN
མ་	མ་	NOUN
མ་	མ་	PART
རྫོགས་	རྫོགས་	VERB
ཀྱི་	གི་	PART
བ་	བ་	NOUN
དུ་	ལ་	PART
བྱེད་	བྱེད་	VERB
དོ་	གོ་	PART
། །		PUNCT
གཉིས་པ་	གཉིས་པ་	NUM
མན་ཆད་	མན་ཆད་	ADV
དེ་	དེ་	DET
རྣམས་	རྣམས་	DET
ནི་	ནི་	NO_POS
ཤིན་ཏུ་	ཤིན་ཏུ་	NO_POS
མི་རིགས་པ་	མི་རིགས་པ་	NOUN
ཁོ་ན་	ཁོ་ན་	DET
ཡིན་	ཡིན་	NO_POS
ཏེ་	སྟེ་	PART
།		PUNCT
རྗེ་བཙུན་	རྗེ་བཙུན་	NOUN
ས་སྐྱ་པ་	ས་སྐྱ་པ་	PROPN
འི་	གི་	PART
སྲོལ་འཛིན་	སྲོལ་འཛིན་	NO_POS
ཐམས་ཅད་	ཐམས་ཅད་	DET
ཞལ་མཐུན་པ་	ཞལ་མཐུན་པ་	NO_POS
ར་	ལ་	PART
།		PUNCT
རྡུལ་ཚོན་	རྡུལ་ཚོན་	NOUN
གྱི་	གི་	PART
དཀྱིལ་འཁོར་	དཀྱིལ་འཁོར་	NOUN
ལ་	ལ་	ADP
བརྟེན་	བརྟེན་	VERB
ན་	ནས་	PART
།		PUNCT
སློབ་མ་	སློབ་མ་	NOUN
མ་	མ་	PART
སྨིན་པ་	སྨིན་པ་	VERB
སྨིན་	སྨིན་	VERB
བྱེད་	བྱེད་	VERB
ཀྱི་	གི་	PART
དབང་	དབང་	NOUN
བསྐུར་	བསྐུར་	NO_POS
ལན་	ལན་	NOUN
གཅིག་	གཅིག་	NUM
ལས་མི་	ལས་མི་	NOUN
རུང་	རུང་	ADP
སྟེ་	སྟེ་	PART
།		PUNCT
སྟ་གོན་	སྟ་གོན་	NOUN
གྱི་	གི་	PART
ཆོ་ག་	ཆོ་ག་	NOUN
གཅིག་	གཅིག་	NUM
ལ་	ལ་	ADP
ས་	གིས་	PART
མེད་པ་	མེད་པ་	VERB
འི་	གི་	PART
ཕྱི་	ཕྱི་	OTHER
རོ་	རོ་	NOUN
། །		PUNCT
ཞེ་	ཅེས་	PART
གསུངས་	གསུངས་	VERB
ཞིང་	ཞིང་	SCONJ
།		PUNCT
ཕྱག་ལེན་	ཕྱག་ལེན་	NOUN
ལ་	ལ་	ADP
ཡང་	ཀྱང་	PART
གནང་བ་	གནང་བ་	NO_POS
ལ་	ལ་	ADP
།		PUNCT
ཁྱེད་	ཁྱེད་	PRON
ཀྱིས་	གིས་	PART
བུ་	བུ་	NOUN
སྟོན་པ་	སྟོན་པ་	NOUN
འི་	གི་	PART
སློབ་བརྒྱུད་	སློབ་བརྒྱུད་	NOUN
རྣམས་	རྣམས་	DET
ཀྱིས་	གིས་	PART
དེ་ལྟ་	དེ་ལྟ་	NO_POS
དུ་	ལ་	PART
བྱེད་པ་	བྱེད་པ་	VERB
མཐོང་	མཐོང་	VERB
ན་	ནས་	PART
འདི་	འདི་	DET
ར་	ལ་	PART
སྦྱར་བ་	སྦྱར་བ་	VERB
ཡིན་	ཡིན་	NO_POS
གྱི་	གི་	PART
།		PUNCT
རྗེ་བཙུན་	རྗེ་བཙུན་	NOUN
གོང་མ་	གོང་མ་	ADJ
རྣམས་	རྣམས་	DET
ཀྱི་	གི་	PART
བཞེད་པ་	བཞེད་པ་	VERB
དང་	དང་	NO_POS
།		PUNCT
ཕྱག་ལེན་	ཕྱག་ལེན་	NOUN
མ་	མ་	PART
ཡིན་	ཡིན་	NO_POS
ཏེ་	སྟེ་	PART
།		PUNCT
དེ་ལྟ་	དེ་ལྟ་	NO_POS
བྱ་བ་	བྱ་བ་	VERB
ར་	ལ་	PART
གང་	གང་	NO_POS
དུ་	ལ་	PART
ཡང་	ཀྱང་	PART
མ་	མ་	PART
བཤད་པ་	བཤད་པ་	VERB
འི་	གི་	PART
ཕྱི་	ཕྱི་	OTHER
རོ་	རོ་	NOUN
། །		PUNCT
གལ་ཏེ་	གལ་ཏེ་	NO_POS
གོང་མ་	གོང་མ་	ADJ
འི་	གི་	PART
བཤད་	བཤད་	VERB
ཁུངས་	ཁུངས་	NOUN
ཡོད་	ཡོད་	VERB
ན་	ན་	ADP
སྟོན་	སྟོན་	VERB
ཅིག་	ཅིག་	PART
གཞན་	གཞན་	DET
ཡང་	ཀྱང་	PART
རིགས་པ་	རིགས་པ་	VERB
ས་	གིས་	PART
ཀྱང་	ཀྱང་	PART
འཐད་པ་	འཐད་པ་	VERB
ར་	ལ་	PART
མ་	མ་	PART
མཐོང་	མཐོང་	VERB
སྟེ་	སྟེ་	PART
།		PUNCT
སློབ་མ་	སློབ་མ་	NOUN
སྟ་གོན་	སྟ་གོན་	NOUN
གྱི་	གི་	PART
ཆོ་ག་	ཆོ་ག་	NOUN
ཡང་	ཀྱང་	PART
།		PUNCT
སྟ་གོན་	སྟ་གོན་	NOUN
གྱི་	གི་	PART
ཆོ་ག་	ཆོ་ག་	NOUN
གཞན་	གཞན་	DET
གང་	གང་	NO_POS
དང་	དང་	NO_POS
ཡང་	ཀྱང་	PART
མ་	མ་	PART
འབྲེལ་བ་	འབྲེལ་བ་	VERB
ར་	ལ་	PART
བྱར་རུང་	བྱར་རུང་	NO_POS
ན་	ན་	ADP
།		PUNCT
དངོས་གཞི་	དངོས་གཞི་	NOUN
དབང་	དབང་	NOUN
བསྐུར་	བསྐུར་	NO_POS
ཡང་	ཀྱང་	PART
།		PUNCT
དངོས་གཞི་	དངོས་གཞི་	NOUN
འི་	གི་	PART
ཆོ་ག་	ཆོ་ག་	NOUN
གཞན་	གཞན་	DET
གང་ཡང་	གང་ཡང་	NO_POS
མ་	མ་	PART
འབྲེལ་བ་	འབྲེལ་བ་	VERB
ར་	ལ་	PART
བྱར་རུང་	བྱར་རུང་	NO_POS
བ་	བ་	NOUN
མཚུངས་པ་	མཚུངས་པ་	VERB
འི་	གི་	PART
ཕྱི་	ཕྱི་	OTHER
དང་	དང་	NO_POS
།		PUNCT
དེ་	དེ་	DET
གཉིས་	གཉིས་	NUM
ཁྱད་པར་	ཁྱད་པར་	NOUN
འབྱེད་པ་	འབྱེད་པ་	VERB
འི་	གི་	PART
དོན་མཐུན་	དོན་མཐུན་	NOUN
གྱི་	གི་	PART
ལུང་རིགས་	ལུང་རིགས་	NOUN
གང་ཡང་	གང་ཡང་	NO_POS
མེད་པ་	མེད་པ་	VERB
འི་	གི་	PART
ཕྱི་	ཕྱི་	OTHER
དང་	དང་	NO_POS
།		PUNCT
དེ་ལྟ་	དེ་ལྟ་	NO_POS
ན་	ན་	ADP
ཆོ་ག་	ཆོ་ག་	NOUN
འི་	གི་	PART
གོ་རིམ་	གོ་རིམ་	NOUN
ཐམས་ཅད་	ཐམས་ཅད་	DET
།		PUNCT
སྨྱོན་པ་	སྨྱོན་པ་	VERB
འི་	གི་	PART
སྤྱོད་པ་	སྤྱོད་པ་	VERB
ལྟ་	ལྟ་	OTHER
ཡིད་བརྟན་	ཡིད་བརྟན་	NOUN
ཅི་ཡང་	ཅི་ཡང་	OTHER
མེད་པ་	མེད་པ་	VERB
ར་	ལ་	PART
འགྱུར་བ་	འགྱུར་བ་	VERB
འི་	གི་	PART
ཕྱི་	ཕྱི་	OTHER
དང་	དང་	NO_POS
།		PUNCT
གལ་ཏེ་	གལ་ཏེ་	NO_POS
མདུན་	མདུན་	NOUN
གྱི་	གི་	PART
དཀྱིལ་འཁོར་	དཀྱིལ་འཁོར་	NOUN
ལ་	ལ་	ADP
སྟ་གོན་	སྟ་གོན་	NOUN
གྱི་	གི་	PART
དཀྱིལ་འཁོར་	དཀྱིལ་འཁོར་	NOUN
ཡང་	ཀྱང་	PART
བཞུགས་	བཞུགས་	VERB
ཤིང་	ཅིང་	PART
།		PUNCT
བུམ་པ་	བུམ་པ་	NOUN
རྣམས་	རྣམས་	DET
ཀྱང་	ཀྱང་	PART
སྟ་གོན་	སྟ་གོན་	NOUN
གྱི་	གི་	PART
དུས་	དུས་	NOUN
ཀྱི་	གི་	PART
བུམ་པ་	བུམ་པ་	NOUN
ལ་	ལ་	ADP
ས་	གིས་	PART
གཞན་མ་	གཞན་མ་	PRON
ཡིན་པ་	ཡིན་པ་	AUX
འི་	གི་	PART
ཕྱི་	ཕྱི་	OTHER
རོ་	རོ་	NOUN
། །		PUNCT
དོན་	དོན་	NOUN
ཚང་	ཚང་	VERB
ལ་	ལ་	ADP
།		PUNCT
དེ་	དེ་	DET
འི་	གི་	PART
ཕྱི་	ཕྱི་	OTHER
བྱར་རུང་	བྱར་རུང་	NO_POS
ངོ་	ངོ་	PART
སྙམ་	སྙམ་	VERB
ན་	ན་	ADP
།		PUNCT
དེ་ལྟ་	དེ་ལྟ་	NO_POS
ན་	ན་	ADP
།		PUNCT
དབང་	དབང་	NOUN
བསྐུར་	བསྐུར་	NO_POS
གཉིས་པ་	གཉིས་པ་	NUM
མན་ཆད་	མན་ཆད་	ADV
རྣམས་	རྣམས་	DET
ལ་	ལ་	ADP
དངོས་གཞི་	དངོས་གཞི་	NOUN
འི་	གི་	PART
དཀྱིལ་འཁོར་	དཀྱིལ་འཁོར་	NOUN
སྒྲུབ་མཆོད་	སྒྲུབ་མཆོད་	OTHER
ཀྱང་	ཀྱང་	PART
མི་	མི་	PART
དགོས་པ་	དགོས་པ་	VERB
ར་	ལ་	PART
འགྱུར་	འགྱུར་	VERB
ཏེ་	སྟེ་	PART
།		PUNCT
དངོས་གཞི་	དངོས་གཞི་	NOUN
འི་	གི་	PART
དཀྱིལ་འཁོར་	དཀྱིལ་འཁོར་	NOUN
ཡང་	ཀྱང་	PART
བཞུགས་པ་	བཞུགས་པ་	VERB
འི་	གི་	PART
ཕྱི་	ཕྱི་	OTHER
།		PUNCT
དེ་ལྟ་	དེ་ལྟ་	NO_POS
སློབ་མ་	སློབ་མ་	NOUN
སྟ་གོན་	སྟ་གོན་	NOUN
ཆོ་ག་	ཆོ་ག་	NOUN
རྣམ་དག་	རྣམ་དག་	ADJ
ལས་མ་	ལས་མ་	NO_POS
འོང་པ་	འོང་པ་	VERB
ས་	གིས་	PART
།		PUNCT
བྱ་	བྱ་	VERB
ཀྱང་	ཀྱང་	PART
སྟ་གོན་	སྟ་གོན་	NOUN
དུ་	ལ་	PART
མི་	མི་	PART
འགྱུར་	འགྱུར་	VERB
ཏེ་	སྟེ་	PART
།		PUNCT
སྡོམ་པ་	སྡོམ་པ་	NOUN
གསུམ་	གསུམ་	NUM
གྱི་	གི་	PART
རབ་ཏུ་	རབ་ཏུ་	NO_POS
དབྱེ་བ་	དབྱེ་བ་	VERB
ལ་	ལ་	ADP
ས་	གིས་	PART
།		PUNCT
ཆོ་ག་	ཆོ་ག་	NOUN
ཅུང་ཟད་	ཅུང་ཟད་	ADV
ཉམས་པ་	ཉམས་པ་	VERB
ལ་	ལ་	ADP
། །		PUNCT
ཆོ་ག་	ཆོ་ག་	NOUN
འཆགས་པ་	འཆགས་པ་	NO_POS
ར་	ལ་	PART
མ་	མ་	PART
གསུངས་	གསུངས་	VERB
ན་	ན་	ADP
། །		PUNCT
ཆོ་ག་	ཆོ་ག་	NOUN
ཕལ་ཆེ་		
ཉམས་པ་	ཉམས་པ་	VERB
ལ་	ལ་	ADP
། །		PUNCT
ཆོ་ག་	ཆོ་ག་	NOUN
འཆགས་པ་	འཆགས་པ་	NO_POS
ར་	ལ་	PART
འགྱུར་	འགྱུར་	VERB
རེ་	རེ་	DET
རྐན་	རྐན་	NOUN
། །		PUNCT
ཞེ་	ཅེས་	PART
གསུངས་	གསུངས་	VERB
ལ་	ལ་	ADP
།		PUNCT
སྟ་གོན་	སྟ་གོན་	NOUN
མ་	མ་	PART
བྱས་པ་	བྱས་པ་	VERB
ལ་	ལ་	ADP
དངོས་གཞི་	དངོས་གཞི་	NOUN
འི་	གི་	PART
ཆོ་ག་	ཆོ་ག་	NOUN
བྱ་	བྱ་	VERB
ཀྱང་	ཀྱང་	PART
།		PUNCT
མ་	མ་	PART
སྨིན་པ་	སྨིན་པ་	VERB
སྨིན་	སྨིན་	VERB
བྱེད་	བྱེད་	VERB
ཀྱི་	གི་	PART
དབང་	དབང་	NOUN
དུ་	ལ་	PART
མི་	མི་	PART
འགྱུར་	འགྱུར་	VERB
ཏེ་	སྟེ་	PART
།		PUNCT
གོང་	གོང་	NOUN
གི་	གི་	PART
སྤྱི་	སྤྱི་	DET
རྒྱུད་	རྒྱུད་	NOUN
ཀྱི་	གི་	PART
ལུང་	ལུང་	NOUN
།		PUNCT
དེ་	དེ་	DET
ར་	ལ་	PART
ནི་	ནི་	NO_POS
སློབ་མ་	སློབ་མ་	NOUN
གཞན་	གཞན་	DET
མི་	མི་	PART
གཟུང་	གཟུང་	VERB
། །		PUNCT
ཞེ་	ཅེས་	PART
གསུང་པ་	གསུང་པ་	VERB
ས་	གིས་	PART
།		PUNCT
སློབ་མ་	སློབ་མ་	NOUN
གཞན་	གཞན་	DET
མི་	མི་	PART
བཟུང་བ་	བཟུང་བ་	VERB
ཅིའི་ཕྱིར་	ཅིའི་ཕྱིར་	NO_POS
ཞེ་ན་	ཅེ་ན་	PART
།		PUNCT
སྟ་གོན་	སྟ་གོན་	NOUN
མ་	མ་	PART
བྱས་པ་	བྱས་པ་	VERB
ལ་	ལ་	ADP
དབང་	དབང་	NOUN
དངོས་གཞི་	དངོས་གཞི་	NOUN
བསྐུར་	བསྐུར་	NO_POS
དུ་	ལ་	PART
མི་	མི་	PART
རུང་བ་	རུང་བ་	VERB
འི་	གི་	PART
ཕྱི་	ཕྱི་	OTHER
རོ་	རོ་	NOUN
། །		PUNCT
ཞེས་་	ཞེས་པ་	PART
འི་	གི་	PART
དོན་	དོན་	NOUN
ཏེ་	སྟེ་	PART
།		PUNCT
འདི་	འདི་	DET
ལ་ཁ་	ལ་ཁ་	NOUN
ཅིག་	ཅིག་	PART
ན་རེ་	ན་རེ་	ADP
།		PUNCT
རྡུལ་ཚོན་	རྡུལ་ཚོན་	NOUN
གྱི་	གི་	PART
དཀྱིལ་འཁོར་	དཀྱིལ་འཁོར་	NOUN
གྱི་	གི་	PART
ལོགས་	ལོགས་	NOUN
ཤིག་	ཅིག་	PART
ཏུ་	ལ་	PART
།		PUNCT
ཚོམ་བུ་	ཚོམ་བུ་	OTHER
ལ་སོགས་པ་	ལ་སོགས་པ་	NO_POS
བྱ་	བྱ་	VERB
ཏེ་	སྟེ་	PART
།		PUNCT
བདག་	བདག་	PRON
གི་	གི་	PART
རྣལ་འབྱོར་	རྣལ་འབྱོར་	NOUN
དང་	དང་	NO_POS
།		PUNCT
སྟ་གོན་	སྟ་གོན་	NOUN
ཐམས་ཅད་	ཐམས་ཅད་	DET
ཡོངས་སུ་	ཡོངས་སུ་	NO_POS
རྫོགས་པ་	རྫོགས་པ་	VERB
ར་	ལ་	PART
བྱ་	བྱ་	VERB
ན་	ནས་	PART
།		PUNCT
སང་ཉིན་	སང་ཉིན་	ADV
རྡུལ་ཚོན་	རྡུལ་ཚོན་	NOUN
གྱི་	གི་	PART
དཀྱིལ་འཁོར་	དཀྱིལ་འཁོར་	NOUN
དེ་ཉིད་	དེ་ཉིད་	NOUN
དུ་	ལ་	PART
།		PUNCT
དབང་	དབང་	NOUN
བསྐུར་	བསྐུར་	NO_POS
ན་	ན་	ADP
རྣམ་པ་	རྣམ་པ་	NOUN
ར་	ལ་	PART
དག་པ་	དག་པ་	VERB
ར་	ལ་	PART
འགྱུར་བ་	འགྱུར་བ་	VERB
འདྲ་	འདྲ་	VERB
འོ་	གོ་	PART
། །		PUNCT
ཞེ་	ཅེས་	PART
ཟེ་	ཟེ་	VERB
རོ་	རོ་	NOUN
། །		PUNCT
དེ་	དེ་	DET
ནི་	ནི་	NO_POS
མཐོང་བ་	མཐོང་བ་	VERB
བརྒྱུད་པ་	བརྒྱུད་པ་	VERB
འི་	གི་	PART
ཕྱག་ལེན་	ཕྱག་ལེན་	NOUN
དང་	དང་	NO_POS
བཤད་པ་	བཤད་པ་	VERB
ལ་	ལ་	ADP
མེད་པ་	མེད་པ་	VERB
ས་	གིས་	PART
འཐད་པ་	འཐད་པ་	VERB
ར་	ལ་	PART
མི་	མི་	PART
ནུས་	ནུས་	VERB
ཤིང་	ཅིང་	PART
།		PUNCT
དེ་	དེ་	DET
ར་	ལ་	PART
མ་ཟད་	མ་ཟད་	NO_POS
སྟ་གོན་	སྟ་གོན་	NOUN
བྱས་པ་	བྱས་པ་	VERB
འི་	གི་	PART
གནས་	གནས་	NOUN
དེ་ཉིད་	དེ་ཉིད་	NOUN
དུ་	ལ་	PART
བྲིས་པ་	བྲིས་པ་	VERB
འི་	གི་	PART
དཀྱིལ་འཁོར་	དཀྱིལ་འཁོར་	NOUN
མ་ཡིན་པ་	མ་ཡིན་པ་	OTHER
ས་	གིས་	PART
།		PUNCT
འབྲེལ་	འབྲེལ་	VERB
ཅི་ཡང་	ཅི་ཡང་	OTHER
མེད་པ་	མེད་པ་	VERB
ར་	ལ་	PART
འགྱུར་བ་	འགྱུར་བ་	VERB
འི་	གི་	PART
ཕྱི་	ཕྱི་	OTHER
རོ་	རོ་	NOUN
། །		PUNCT
འོན་ཏེ་	འོན་ཏེ་	NO_POS
།		PUNCT
དེ་	དེ་	DET
འི་	གི་	PART
སྟ་གོན་	སྟ་གོན་	NOUN
གྱི་	གི་	PART
དཀྱིལ་འཁོར་	དཀྱིལ་འཁོར་	NOUN
ནམ་མཁའ་	ནམ་མཁའ་	NOUN
ལ་	ལ་	ADP
བཏེག་པ་	བཏེག་པ་	VERB
།		PUNCT
རྡུལ་ཚོན་	རྡུལ་ཚོན་	NOUN
ལ་	ལ་	ADP
བསྲེས་པ་	བསྲེས་པ་	VERB
ས་	གིས་	PART
འབྲེལ་	འབྲེལ་	VERB
ལོ་	ལོ་	NOUN
ཞེ་ན་	ཅེ་ན་	PART
།		PUNCT
འོ་ན་	འོ་ན་	NO_POS
ཁྱེད་	ཁྱེད་	PRON
རང་	རང་	PRON
གི་	གི་	PART
ལུགས་	ལུགས་	NOUN
ལ་	ལ་	ADP
སྟ་གོན་	སྟ་གོན་	NOUN
གྱི་	གི་	PART
ཆོ་ག་	ཆོ་ག་	NOUN
སྟ་གོན་	སྟ་གོན་	NOUN
མ་	མ་	PART
བྱ་	བྱ་	VERB
ཀྱང་	ཀྱང་	PART
སྐྱོན་མེད་པ་	སྐྱོན་མེད་པ་	ADJ
ར་	ལ་	PART
འགྱུར་	འགྱུར་	VERB
ཏེ་	སྟེ་	PART
།		PUNCT
སྤྱན་	སྤྱན་	NOUN
འདྲེན་	འདྲེན་	NO_POS
གྱི་	གི་	PART
སྐབས་	སྐབས་	NOUN
སུ་	སུ་	ADP
སངས་རྒྱས་	སངས་རྒྱས་	NOUN
ཐམས་ཅད་	ཐམས་ཅད་	DET
སྤྱན་	སྤྱན་	NOUN
འདྲེན་	འདྲེན་	NO_POS
ལ་	ལ་	ADP
།		PUNCT
དེ་དག་	དེ་དག་	OTHER
གིས་	གིས་	PART
ནང་	ནང་	NOUN
ན་	ན་	ADP
།		PUNCT
གནས་	གནས་	NOUN
གཞན་དག་	གཞན་དག་	NO_POS
ཏུ་	ལ་	PART
སྟ་གོན་	སྟ་གོན་	NOUN
བྱས་པ་	བྱས་པ་	VERB
འི་	གི་	PART
ལྷ་	ལྷ་	NOUN
ཡང་	ཀྱང་	PART
ཡོད་	ཡོད་	VERB
ཅིང་	ཅིང་	PART
སྒྲུབ་མཆོད་	སྒྲུབ་མཆོད་	OTHER
ཀྱི་	གི་	PART
སྐབས་	སྐབས་	NOUN
སུ་	སུ་	ADP
བསྲེས་པ་	བསྲེས་པ་	VERB
འི་	གི་	PART
འབྲེལ་པ་	འབྲེལ་པ་	VERB
འི་	གི་	PART
ཕྱི་	ཕྱི་	OTHER
རོ་	རོ་	NOUN
། །		PUNCT
ཡང་	ཀྱང་	PART
ཁ་ཅིག་	ཁ་ཅིག་	PRON
རྡོ་རྗེ་	རྡོ་རྗེ་	NOUN
སློབ་དཔོན་	སློབ་དཔོན་	NOUN
གྱི་	གི་	PART
དབང་	དབང་	NOUN
གི་	གི་	PART
སྐབས་	སྐབས་	NOUN
སུ་	སུ་	ADP
།		PUNCT
སློབ་མ་	སློབ་མ་	NOUN
དེ་	དེ་	DET
ར་	ལ་	PART
འཇུག་པ་	འཇུག་པ་	VERB
ཐམས་ཅད་	ཐམས་ཅད་	DET
ལ་དུ་	ལ་དུ་	NOUN
ས་	གིས་	PART
གཅིག་	གཅིག་	NUM
ཏུ་	ལ་	PART
རྡོ་རྗེ་	རྡོ་རྗེ་	NOUN
སློབ་དཔོན་	སློབ་དཔོན་	NOUN
གྱི་	གི་	PART
དབང་	དབང་	NOUN
བསྐུར་བ་	བསྐུར་བ་	VERB
འི་	གི་	PART
ཆོ་ག་	ཆོ་ག་	NOUN
བྱེད་	བྱེད་	VERB
དོ་	གོ་	PART
། །		PUNCT
དེ་ཡང་	དེ་ཡང་	ADV
ཤིན་ཏུ་	ཤིན་ཏུ་	NO_POS
མི་རིགས་	མི་རིགས་	NOUN
ཏེ་	སྟེ་	PART
།		PUNCT
སློབ་དཔོན་	སློབ་དཔོན་	NOUN
རིན་པོ་ཆེ་	རིན་པོ་ཆེ་	ADJ
འི་	གི་	PART
འགྲེལ་པ་	འགྲེལ་པ་	NOUN
ལུགས་	ལུགས་	NOUN
ཀྱི་	གི་	PART
དབང་	དབང་	NOUN
ཆུ་	ཆུ་	NOUN
ལ་	ལ་	ADP
ས་	གིས་	PART
།		PUNCT
གསོལ་	གསོལ་	VERB
གདབ་	གདབ་	NO_POS
ཀྱི་	གི་	PART
རྗེས་སུ་	རྗེས་སུ་	OTHER
།		PUNCT
དེ་ནས་	དེ་ནས་	NO_POS
སློབ་དཔོན་	སློབ་དཔོན་	NOUN
གྱི་	གི་	PART
ཚོགས་པ་	ཚོགས་པ་	VERB
ལ་	ལ་	ADP
དབང་	དབང་	NOUN
བསྐུར་བ་	བསྐུར་བ་	VERB
ར་	ལ་	PART
བྱ་བ་	བྱ་བ་	VERB
མ་	མ་	PART
ཡིན་	ཡིན་	NO_POS
ཏེ་	སྟེ་	PART
།		PUNCT
སློབ་དཔོན་	སློབ་དཔོན་	NOUN
སྙིང་རྗེ་	སྙིང་རྗེ་	NOUN
ཆེན་པོ་	ཆེན་པོ་	ADJ
ཡི་	གིས་	PART
། །		PUNCT
སློབ་མ་	སློབ་མ་	NOUN
དམ་པ་	དམ་པ་	VERB
སྙིང་རྗེ་	སྙིང་རྗེ་	NOUN
ཅན་	ཅན་	PART
། །		PUNCT
སྔགས་	སྔགས་	NOUN
དང་	དང་	NO_POS
རྒྱུད་	རྒྱུད་	NOUN
རྣམས་	རྣམས་	DET
འཛིན་པ་པོ་	འཛིན་པ་པོ་	VERB
། །		PUNCT
གཅིག་	གཅིག་	NUM
ནི་	ནི་	NO_POS
ནན་ཏན་	ནན་ཏན་	NOUN
སྐྱེད་བྱེད་	སྐྱེད་བྱེད་	NOUN
བཟུང་	བཟུང་	NO_POS
། །		PUNCT
སློབ་མ་	སློབ་མ་	NOUN
རེ་རེ་	རེ་རེ་	DET
ལ་	ལ་	ADP
དབང་	དབང་	NOUN
བཞི་	བཞི་	NUM
གཅིག་	གཅིག་	NUM
ཆ་	ཆ་	NOUN
ར་	ལ་	PART
རམ་	གམ་	PART
།		PUNCT
རིམ་ཅན་	རིམ་ཅན་	NO_POS
དུ་	ལ་	PART
བསྐུར་བ་	བསྐུར་བ་	VERB
ར་	ལ་	PART
བྱ་བ་	བྱ་བ་	VERB
ཡིན་པ་	ཡིན་པ་	AUX
ས་	གིས་	PART
།		PUNCT
གཞན་	གཞན་	DET
སྐྱེ་	སྐྱེ་	NOUN
ལ་	ལ་	ADP
ཇི་སྐད་	ཇི་སྐད་	NO_POS
དུ་	ལ་	PART
བཤད་པ་	བཤད་པ་	VERB
འི་	གི་	PART
དབང་	དབང་	NOUN
སྟེགས་	སྟེགས་	NOUN
ཀྱི་	གི་	PART
སྟེང་	སྟེང་	NOUN
དུ་	ལ་	PART
།		PUNCT
སློབ་མ་	སློབ་མ་	NOUN
འི་	གི་	PART
གཙོ་བོ་	གཙོ་བོ་	ADJ
སྔ་	སྔ་	NOUN
དངོས་གྲུབ་	དངོས་གྲུབ་	NOUN
ཀྱི་	གི་	PART
རྡོ་རྗེ་	རྡོ་རྗེ་	NOUN
འི་	གི་	PART
རྟུལ་	རྟུལ་	VERB
ཞུགས་	ཞུགས་	VERB
ཀྱི་	གི་	PART
སྐབས་	སྐབས་	NOUN
སུ་	སུ་	ADP
བསྟན་པ་	བསྟན་པ་	VERB
འི་	གི་	PART
རྡོ་རྗེ་	རྡོ་རྗེ་	NOUN
སེམས་དཔ་	སེམས་དཔའ་	NOUN
འི་	གི་	PART
ཕྱག་རྒྱ་	ཕྱག་རྒྱ་	NOUN
ཆེན་པོ་	ཆེན་པོ་	ADJ
ས་	གིས་	PART
བཞག་	བཞག་	VERB
ལ་	ལ་	ADP
།		PUNCT
དབང་	དབང་	NOUN
བསྐུར་བ་	བསྐུར་བ་	VERB
ར་	ལ་	PART
བྱ་	བྱ་	VERB
འོ་	གོ་	PART
། །		PUNCT
ཞེ་	ཅེས་	PART
དང་	དང་	NO_POS
།		PUNCT
ཁྱད་པར་	ཁྱད་པར་	NOUN
དུ་	ལ་	PART
མན་ངག་	མན་ངག་	NOUN
ལུགས་	ལུགས་	NOUN
ཀྱི་	གི་	PART
དབང་	དབང་	NOUN
ཆུ་ཆེན་	ཆུ་ཆེན་	OTHER
མོ་ལ་	མོ་ལ་	NO_POS
ས་	གིས་	PART
།		PUNCT
སློབ་དཔོན་	སློབ་དཔོན་	NOUN
གྱི་	གི་	PART
དབང་	དབང་	NOUN
གི་	གི་	PART
གསོལ་	གསོལ་	VERB
བཏབ་	བཏབ་	VERB
གྱི་	གི་	PART
རྗེས་སུ་	རྗེས་སུ་	OTHER
།		PUNCT
དེ་ནས་	དེ་ནས་	NO_POS
སློབ་མ་	སློབ་མ་	NOUN
གཅིག་	གཅིག་	NUM
དབང་	དབང་	NOUN
སྟེགས་	སྟེགས་	NOUN
ཀྱི་	གི་	PART
སྟེང་	སྟེང་	NOUN
དུ་	ལ་	PART
བཞག་	བཞག་	VERB
ལ་	ལ་	ADP
།		PUNCT
རྡོ་རྗེ་	རྡོ་རྗེ་	NOUN
འཆང་	འཆང་	NO_POS
ཆེན་པོ་	ཆེན་པོ་	ADJ
འི་	གི་	PART
རྣམ་པ་	རྣམ་པ་	NOUN
ར་	ལ་	PART
བསམ་	བསམ་	NOUN
ཞེ་	ཅེས་	PART
དང་	དང་	NO_POS
།		PUNCT
སུ་	སུ་	ADP
པྲ་	པྲ་	NOUN
ཏིཥྛས་		NON_WORD
མེ་ཏོག་	མེ་ཏོག་	NOUN
གཏོར་བ་	གཏོར་བ་	VERB
འི་	གི་	PART
རྗེས་སུ་	རྗེས་སུ་	OTHER
།		PUNCT
དེ་ལྟ་	དེ་ལྟ་	NO_POS
སློབ་མ་	སློབ་མ་	NOUN
རེ་རེ་	རེ་རེ་	DET
ན་	ནས་	PART
རྫོགས་པ་	རྫོགས་པ་	VERB
དང་	དང་	NO_POS
།		PUNCT
སློབ་མ་	སློབ་མ་	NOUN
རྣམས་	རྣམས་	DET
ལ་དུ་	ལ་དུ་	NOUN
ས་	གིས་	PART
གཅིག་	གཅིག་	NUM
ཏུ་	ལ་	PART
དེ་	དེ་	DET
ཁོ་ན་ཉིད་	ཁོ་ན་ཉིད་	NO_POS
བསྟན་པ་	བསྟན་པ་	VERB
ར་	ལ་	PART
བྱ་	བྱ་	VERB
ཏེ་	སྟེ་	PART
།		PUNCT
ཞེ་	ཅེས་	PART
གསུང་པ་	གསུང་པ་	VERB
རྣམས་	རྣམས་	DET
མ་	མ་	PART
མཐོང་	མཐོང་	VERB
ངམ་	གམ་	PART
ཅི་	ཅི་	NO_POS
།		PUNCT
གང་	གང་	NO_POS
བཀག་པ་	བཀག་པ་	VERB
དེ་	དེ་	DET
ནན་	ནན་	NOUN
གྱིས་	གིས་	PART
བསྒྲུབ་པ་	བསྒྲུབ་པ་	VERB
ལ་	ལ་	ADP
བརྩོན་པ་	བརྩོན་པ་	VERB
བྱེད་པ་	བྱེད་པ་	VERB
ར་	ལ་	PART
ཟད་	ཟད་	VERB
དོ་	གོ་	PART
། །		PUNCT
ཡང་	ཀྱང་	PART
།		PUNCT
ཁ་ཅིག་	ཁ་ཅིག་	PRON
ན་རེ་	ན་རེ་	ADP
།		PUNCT
བཀའ་	བཀའ་	NOUN
བཅུ་པ་	བཅུ་པ་	NUM
གཞོན་ནུ་	གཞོན་ནུ་	ADJ
སེང་གེ་	སེང་གེ་	NOUN
འི་	གི་	PART
བླ་མ་	བླ་མ་	NOUN
འི་	གི་	PART
རྣལ་འབྱོར་	རྣལ་འབྱོར་	NOUN
དུ་	ལ་	PART
།		PUNCT
སྙིང་ག་	སྙིང་ག་	NOUN
ར་	ལ་	PART
ཧཱུྃ་		NON_WORD
ལས་མི་	ལས་མི་	NOUN
བསྐྱོད་པ་	བསྐྱོད་པ་	VERB
ཡབ་ཡུམ་	ཡབ་ཡུམ་	NOUN
དང་	དང་	NO_POS
ཕྱོགས་	ཕྱོགས་	NOUN
བཞི་	བཞི་	NUM
ར་	ལ་	PART
བྷྲཱུྃ་		NON_WORD
ཨྃ་		NON_WORD
ཛྲིཾ་		NON_WORD
ཁྃ་		NON_WORD
།		PUNCT
མཚམས་	མཚམས་	NOUN
བཞི་	བཞི་	NUM
ར་	ལ་	PART
ལྃ་		NON_WORD
མྃ་		NON_WORD
པྃ་		NON_WORD
ཏྃ་		NON_WORD
ལ་	ལ་	ADP
ས་	གིས་	PART
འཁོར་	འཁོར་	NOUN
གྱི་	གི་	PART
ལྷ་མོ་	ལྷ་མོ་	NOUN
རྣམས་	རྣམས་	DET
དང་	དང་	NO_POS
།		PUNCT
མགྲིན་པ་	མགྲིན་པ་	NOUN
འི་	གི་	PART
རྩ་འཁོར་	རྩ་འཁོར་	NO_POS
ལ་	ལ་	ADP
དབུ་	དབུ་	NOUN
སུ་	སུ་	ADP
ཨྃ་		NON_WORD
ལ་	ལ་	ADP
ས་	གིས་	PART
འོད་	འོད་	NOUN
དཔག་མེད་པ་	དཔག་མེད་པ་	ADJ
ཡབ་ཡུམ་	ཡབ་ཡུམ་	NOUN
དང་	དང་	NO_POS
།		PUNCT
འདབ་མ་	འདབ་མ་	NOUN
རྣམས་	རྣམས་	DET
ལ་	ལ་	ADP
ཨཱ་ལི་	ཨཱ་ལི་	NOUN
བཅུ་དྲུག་	བཅུ་དྲུག་	NO_POS
ཡོངས་སུ་	ཡོངས་སུ་	NO_POS
གྱུར་པ་	གྱུར་པ་	VERB
ལ་	ལ་	ADP
ས་	གིས་	PART
།		PUNCT
འཁོར་	འཁོར་	NOUN
གྱི་	གི་	PART
ལྷ་མོ་	ལྷ་མོ་	NOUN
རྣམས་	རྣམས་	DET
བསྐྱེད་པ་	བསྐྱེད་པ་	VERB
ར་	ལ་	PART
བཤད་པ་	བཤད་པ་	VERB
ནི་	ནི་	NO_POS
མི་	མི་	PART
འཐད་	འཐད་	VERB
དེ་	དེ་	DET
།		PUNCT
འདི་	འདི་	DET
ར་	ལ་	PART
ལུས་	ལུས་	NOUN
དཀྱིལ་	དཀྱིལ་	NOUN
གྱི་	གི་	PART
ལྷ་	ལྷ་	NOUN
རྣམས་	རྣམས་	DET
ནི་	ནི་	NO_POS
།		PUNCT
རྩ་	རྩ་	NUM
ཡི་གེ་	ཡི་གེ་	NOUN
འི་	གི་	PART
གཟུགས་	གཟུགས་	NOUN
སུ་	སུ་	ADP
གནས་པ་	གནས་པ་	VERB
དང་	དང་	NO_POS
།		PUNCT
དེ་	དེ་	DET
འི་	གི་	PART
ནང་	ནང་	NOUN
གི་	གི་	PART
ཁམས་	ཁམས་	NOUN
རྣམས་	རྣམས་	DET
རྒྱུ་	རྒྱུ་	NOUN
ར་	ལ་	PART
གྱུར་པ་	གྱུར་པ་	VERB
ལ་	ལ་	ADP
ས་	གིས་	PART
སྐད་ཅིག་	སྐད་ཅིག་	OTHER
གིས་	གིས་	PART
བསྐྱེད་པ་	བསྐྱེད་པ་	VERB
ཡིན་	ཡིན་	NO_POS
གྱི་	གི་	PART
།		PUNCT
ས་བོན་	ས་བོན་	NOUN
ལ་	ལ་	ADP
ས་	གིས་	PART
བསྐྱེད་པ་	བསྐྱེད་པ་	VERB
ནི་	ནི་	NO_POS
མ་	མ་	PART
ཡིན་	ཡིན་	NO_POS
ཏེ་	སྟེ་	PART
།		PUNCT
ཡིན་	ཡིན་	NO_POS
ན་	ན་	ADP
།		PUNCT
ས་བོན་	ས་བོན་	NOUN
གྱི་	གི་	PART
ཡི་གེ་	ཡི་གེ་	NOUN
ཧཾ་		NON_WORD
ཡིག་	ཡིག་	NOUN
མཐུ་		
དུ་	ལ་	PART
བསྟན་པ་	བསྟན་པ་	VERB
དང་	དང་	NO_POS
།		PUNCT
ཧཱུྃ་		NON_WORD
ཡིག་མགོ་	ཡིག་མགོ་	NO_POS
མཐུ་		
དུ་	ལ་	PART
བསྟན་པ་	བསྟན་པ་	VERB
བསྒོམ་	བསྒོམ་	VERB
མཁན་	མཁན་	PROPN
མི་	མི་	PART
ཡོང་བ་	ཡོང་བ་	VERB
འི་	གི་	PART
ཕྱི་	ཕྱི་	OTHER
རོ་	རོ་	NOUN
། །		PUNCT
ཞེ་	ཅེས་	PART
ཟེ་	ཟེ་	VERB
ཞིང་	ཞིང་	SCONJ
།		PUNCT
ངག་འདོན་	ངག་འདོན་	OTHER
གྱི་	གི་	PART
སྐབས་	སྐབས་	NOUN
སུ་	སུ་	ADP
།		PUNCT
ལྟེ་བ་	ལྟེ་བ་	NOUN
འཁོར་ལོ་	འཁོར་ལོ་	NOUN
འི་	གི་	PART
རྩ་	རྩ་	NUM
འདབ་	འདབ་	OTHER
དྲུག་ཅུ་	དྲུག་ཅུ་	NUM
རྩ་	རྩ་	NUM
བཞི་པ་	བཞི་པ་	ADJ
འི་	གི་	PART
ལྟེ་བ་	ལྟེ་བ་	NOUN
ར་	ལ་	PART
ཨཾ་		NON_WORD
།		PUNCT
ང་	ང་	PRON
རྒྱ་	རྒྱ་	NOUN
དང་	དང་	NO_POS
སེར་སྣ་	སེར་སྣ་	NOUN
དང་	དང་	NO_POS
།		PUNCT
ཚོར་བ་	ཚོར་བ་	VERB
འི་	གི་	PART
ཕུང་པོ་	ཕུང་པོ་	NOUN
རྣམ་པ་	རྣམ་པ་	NOUN
ར་	ལ་	PART
དག་པ་	དག་པ་	VERB
བཅོམ་ལྡན་འདས་	བཅོམ་ལྡན་འདས་	NOUN
ཡོན་ཏན་	ཡོན་ཏན་	NOUN
རིན་ཆེན་	རིན་ཆེན་	OTHER
འབྱུང་	འབྱུང་	VERB
ལྡན་	ལྡན་	VERB
།		PUNCT
ཞེ་	ཅེས་	PART
སོགས་	སོགས་	DET
བརྗོད་	བརྗོད་	VERB
ན་	ནས་	PART
ཧཾ་		NON_WORD
ལ་	ལ་	ADP
ས་	གིས་	PART
ཞེས་་	ཞེས་པ་	PART
དང་	དང་	NO_POS
།		PUNCT
ཧཱུྃ་		NON_WORD
ལ་	ལ་	ADP
ས་	གིས་	PART
ཞེས་་	ཞེས་པ་	PART
དང་	དང་	NO_POS
།		PUNCT
ཨོཾ་	ཨོཾ་	X
ལ་	ལ་	ADP
ས་	གིས་	PART
ཞེ་	ཅེས་	PART
སོགས་	སོགས་	DET
ཀྱི་	གི་	PART
འབྱུང་ཁུངས་	འབྱུང་ཁུངས་	OTHER
ཀྱི་	གི་	PART
ཚིག་	ཚིག་	NOUN
རྣམས་	རྣམས་	DET
ནན་	ནན་	NOUN
གྱིས་	གིས་	PART
འདོར་བ་	འདོར་བ་	VERB
ར་	ལ་	PART
བྱེད་	བྱེད་	VERB
དོ་	གོ་	PART
། །		PUNCT
དེ་	དེ་	DET
ནི་	ནི་	NO_POS
རྗེ་བཙུན་	རྗེ་བཙུན་	NOUN
གོང་མ་	གོང་མ་	ADJ
ཡབ་	ཡབ་	NOUN
སྲ་	སྲ་	NOUN
རྗེས་	རྗེས་	NOUN
འབྲང་	འབྲང་	VERB
དང་	དང་	NO_POS
བཅས་པ་	བཅས་པ་	VERB
ཕྱོགས་	ཕྱོགས་	NOUN
གཅིག་	གཅིག་	NUM
ཏུ་	ལ་	PART
འགོག་པ་	འགོག་པ་	VERB
ར་	ལ་	PART
བྱེད་པ་	བྱེད་པ་	VERB
འི་	གི་	PART
སྨྲ་བ་	སྨྲ་བ་	VERB
སྟེ་	སྟེ་	PART
།		PUNCT
སློབ་དཔོན་	སློབ་དཔོན་	NOUN
རིན་པོ་ཆེ་	རིན་པོ་ཆེ་	ADJ
ས་	གིས་	PART
ལུང་	ལུང་	NOUN
འདི་ཉིད་	འདི་ཉིད་	OTHER
དང་	དང་	NO_POS
ཞིབ་	ཞིབ་	NO_POS
ཏུ་	ལ་	PART
སྦྱར་བ་	སྦྱར་བ་	VERB
ལ་	ལ་	ADP
ས་	གིས་	PART
།		PUNCT
ལེའུ་	ལེའུ་	NOUN
གཉིས་པ་	གཉིས་པ་	NUM
འི་	གི་	PART
སྐབས་	སྐབས་	NOUN
སུ་	སུ་	ADP
།		PUNCT
བྷྲཱུྃ་		NON_WORD
སོགས་	སོགས་	DET
ནི་	ནི་	NO_POS
ལུས་	ལུས་	NOUN
ཀྱི་	གི་	PART
དཀྱིལ་འཁོར་	དཀྱིལ་འཁོར་	NOUN
ཕོ་བྲང་	ཕོ་བྲང་	NOUN
རྣམས་	རྣམས་	DET
བསྐྱེད་པ་	བསྐྱེད་པ་	VERB
འི་	གི་	PART
ས་བོན་	ས་བོན་	NOUN
འདི་	འདི་	DET
ལྔ་	ལྔ་	NUM
ས་	གིས་	PART
བྱ་བ་	བྱ་བ་	VERB
འམ་	གམ་	PART
།		PUNCT
ཙཎྜ་		NON_WORD
ལི་	ལི་	OTHER
དང་	དང་	NO_POS
རྗེས་སུ་	རྗེས་སུ་	OTHER
མཐུན་པ་	མཐུན་པ་	VERB
ར་	ལ་	PART
བྱ་བ་	བྱ་བ་	VERB
གང་རུང་	གང་རུང་	NOUN
ཡིན་	ཡིན་	NO_POS
ལ་	ལ་	ADP
།		PUNCT
ཞེ་	ཅེས་	PART
ས་བོན་	ས་བོན་	NOUN
ལ་	ལ་	ADP
ས་	གིས་	PART
བསྐྱེད་པ་	བསྐྱེད་པ་	VERB
ར་	ལ་	PART
གསལ་བ་	གསལ་བ་	VERB
ར་	ལ་	PART
གསུང་པ་	གསུང་པ་	VERB
དང་	དང་	NO_POS
།		PUNCT
རྣམ་འགྲེལ་	རྣམ་འགྲེལ་	PROPN
སྲ་	སྲ་	NOUN
དོན་	དོན་	NOUN
མ་ལ་	མ་ལ་	INTJ
ས་	གིས་	PART
།		PUNCT
ལྟེ་བ་	ལྟེ་བ་	NOUN
སྤྲུལ་པ་	སྤྲུལ་པ་	VERB
འི་	གི་	PART
འཁོར་ལོ་	འཁོར་ལོ་	NOUN
ཨཾ་		NON_WORD
ལ་	ལ་	ADP
ས་	གིས་	PART
བཅོམ་ལྡན་འདས་	བཅོམ་ལྡན་འདས་	NOUN
ཡོན་ཏན་	ཡོན་ཏན་	NOUN
རྣམ་པ་	རྣམ་པ་	NOUN
ར་	ལ་	PART
དག་པ་	དག་པ་	VERB
རིན་ཆེན་	རིན་ཆེན་	OTHER
འབྱུང་	འབྱུང་	VERB
ལྡན་	ལྡན་	VERB
།		PUNCT
ཞེ་	ཅེས་	PART
དང་	དང་	NO_POS
།		PUNCT
དེ་བཞིན་	དེ་བཞིན་	OTHER
དུ་	ལ་	PART
ཧ་	ཧ་	NOUN
སོགས་	སོགས་	DET
ལ་	ལ་	ADP
ཡང་	ཀྱང་	PART
འབྱུང་ཁུངས་	འབྱུང་ཁུངས་	OTHER
ཀྱི་	གི་	PART
སྒྲ་	སྒྲ་	NOUN
སྦྱར་	སྦྱར་	VERB
ཏེ་	སྟེ་	PART
གསུང་པ་	གསུང་པ་	VERB
དང་	དང་	NO_POS
།		PUNCT
གཞན་	གཞན་	DET
ཡང་	ཀྱང་	PART
།		PUNCT
ཞུ་	ཞུ་	VERB
བྱ་	བྱ་	VERB
མ་	མ་	PART
།		PUNCT
ལྡན་བུ་	ལྡན་བུ་	NO_POS
མ་	མ་	PART
།		PUNCT
གློག་	གློག་	NOUN
སྐྱ་མ་	སྐྱ་མ་	NO_POS
།		PUNCT
ཡུམ་	ཡུམ་	NOUN
དོན་	དོན་	NOUN
མ་	མ་	PART
།		PUNCT
བན་	བན་	OTHER
དྷེ་		NON_WORD
གཤིན་རྗེ་	གཤིན་རྗེ་	OTHER
མ་	མ་	PART
།		PUNCT
ཟླ་	ཟླ་	NOUN
རྒྱལ་མ་	རྒྱལ་མ་	OTHER
།		PUNCT
འ་		NON_WORD
འུ་	འུ་	NO_POS
རྣམས་	རྣམས་	DET
ཀྱིས་	གིས་	PART
ལུས་	ལུས་	NOUN
དཀྱིལ་	དཀྱིལ་	NOUN
གྱི་	གི་	PART
རིགས་	རིགས་	NOUN
ལྔ་	ལྔ་	NUM
ཐམས་ཅད་	ཐམས་ཅད་	DET
ལ་	ལ་	ADP
།		PUNCT
རེ་རེ་	རེ་རེ་	DET
ཞིང་	ཞིང་	ADP
ཡང་	ཀྱང་	PART
།		PUNCT
ཨཾ་		NON_WORD
ལ་	ལ་	ADP
ས་	གིས་	PART
ཞེ་	ཅེས་	PART
དང་	དང་	NO_POS
།		PUNCT
ཧ་ལ་	ཧ་ལ་	NO_POS
ས་	གིས་	PART
ཞེ་	ཅེས་	PART
དང་	དང་	NO_POS
།		PUNCT
ཧཱུྃ་		NON_WORD
ལ་	ལ་	ADP
ས་	གིས་	PART
ཞེ་	ཅེས་	PART
སོགས་	སོགས་	DET
འབྱུང་ཁུངས་	འབྱུང་ཁུངས་	OTHER
ཀྱི་	གི་	PART
ཚིག་	ཚིག་	NOUN
ཁོ་ན་	ཁོ་ན་	DET
ཡོད་	ཡོད་	VERB
ཅིང་	ཅིང་	PART
།		PUNCT
རྗེས་	རྗེས་	NOUN
འབྲང་	འབྲང་	VERB
གི་	གི་	PART
ཡི་གེ་	ཡི་གེ་	NOUN
ར་	ལ་	PART
ཡང་	ཀྱང་	PART
།		PUNCT
དཀ་	དཀའ་	VERB
ར་	ལ་	PART
གྱི་	གི་	PART
རྡོ་རྗེ་	རྡོ་རྗེ་	NOUN
འི་	གི་	PART
ཚིག་རྐང་	ཚིག་རྐང་	OTHER
གི་	གི་	PART
འགྲེལ་པ་	འགྲེལ་པ་	NOUN
དང་	དང་	NO_POS
།		PUNCT
བླ་མ་	བླ་མ་	NOUN
དམར་	དམར་	VERB
གྱིས་	གིས་	PART
མཛད་པ་	མཛད་པ་	VERB
འི་	གི་	PART
དམར་	དམར་	VERB
མ་	མ་	PART
དང་	དང་	NO_POS
།		PUNCT
བླ་མ་	བླ་མ་	NOUN
དམ་པ་	དམ་པ་	VERB
ས་	གིས་	PART
མཛད་པ་	མཛད་པ་	VERB
སོགས་	སོགས་	DET
སུ་	སུ་	ADP
ཡང་	ཀྱང་	PART
།		PUNCT
དེ་	དེ་	DET
ཁོ་ན་	ཁོ་ན་	DET
བཞིན་	བཞིན་	NOUN
ཡོད་	ཡོད་	VERB
ལ་	ལ་	ADP
།		PUNCT
ལུས་	ལུས་	NOUN
ཀྱི་	གི་	PART
རྩ་	རྩ་	NUM
ཁམས་	ཁམས་	NOUN
ལ་	ལ་	ADP
ས་	གིས་	PART
བསྐྱེད་པ་	བསྐྱེད་པ་	VERB
འི་	གི་	PART
ཚིག་	ཚིག་	NOUN
ཁྱད་པར་	ཁྱད་པར་	NOUN
དུ་	ལ་	PART
སྦྱར་བ་	སྦྱར་བ་	VERB
དགའ་	དགའ་	VERB
སྟེང་མ་	སྟེང་མ་	OTHER
དང་	དང་	NO_POS
དཔེ་	དཔེ་	NOUN
མཛད་	མཛད་	VERB
མ་	མ་	PART
གཉིས་	གཉིས་	NUM
སུ་	སུ་	ADP
ཡང་	ཀྱང་	PART
།		PUNCT
དེ་	དེ་	DET
འི་	གི་	PART
ལྟེ་བ་	ལྟེ་བ་	NOUN
འི་	གི་	PART
ནང་	ནང་	NOUN
གི་	གི་	PART
ཨཾ་		NON_WORD
གི་	གི་	PART
བྱང་སེམས་	བྱང་སེམས་	NOUN
ལ་	ལ་	ADP
ས་	གིས་	PART
།		PUNCT
བཅོམ་ལྡན་འདས་	བཅོམ་ལྡན་འདས་	NOUN
རིན་ཆེན་	རིན་ཆེན་	OTHER
འབྱུང་	འབྱུང་	VERB
ལྡན་	ལྡན་	VERB
ཞེ་	ཅེས་	PART
དང་	དང་	NO_POS
།		PUNCT
ཕྱི་	ཕྱི་	NOUN
འི་	གི་	PART
རྩ་	རྩ་	NUM
ཨཾ་		NON_WORD
ལ་	ལ་	ADP
ས་	གིས་	PART
དེ་	དེ་	DET
འི་	གི་	PART
ཡུམ་	ཡུམ་	NOUN
ས་	ས་	ADP
རྣམ་པ་	རྣམ་པ་	NOUN
ར་	ལ་	PART
དག་པ་	དག་པ་	VERB
སྤྱན་མ་	སྤྱན་མ་	NO_POS
ཞེ་	ཅེས་	PART
དང་	དང་	NO_POS
།		PUNCT
གཞན་	གཞན་	DET
ཡང་གསང་	ཡང་གསང་	OTHER
གནས་	གནས་	NOUN
སུ་	སུ་	ADP
ཧ་ལ་	ཧ་ལ་	NO_POS
ས་	གིས་	PART
འཕྲིན་ལས་	འཕྲིན་ལས་	NOUN
རྣམ་པ་	རྣམ་པ་	NOUN
ར་	ལ་	PART
དག་པ་	དག་པ་	VERB
ཞེ་	ཅེས་	PART
དང་	དང་	NO_POS
།		PUNCT
སྙིང་ག་	སྙིང་ག་	NOUN
ར་	ལ་	PART
ཧཱུྃ་		NON_WORD
ལ་	ལ་	ADP
ས་	གིས་	PART
ཞེ་	ཅེས་	PART
སོགས་	སོགས་	DET
ཐམས་ཅད་	ཐམས་ཅད་	DET
ལ་	ལ་	ADP
འབྱུང་ཁུངས་	འབྱུང་ཁུངས་	OTHER
ཀྱིས་	གིས་	PART
ཚིག་	ཚིག་	NOUN
སྦྱར་	སྦྱར་	VERB
ཞིང་	ཞིང་	SCONJ
།		PUNCT
ཁྱད་པར་	ཁྱད་པར་	NOUN
དུ་	ལ་	PART
།		PUNCT
གཉག་	གཉག་	NO_POS
མ་	མ་	PART
འི་	གི་	PART
གསལ་བྱེད་	གསལ་བྱེད་	NOUN
གསུམ་	གསུམ་	NUM
གྱི་	གི་	PART
ནང་ཚན་	ནང་ཚན་	OTHER
གྱི་	གི་	PART
ལུས་	ལུས་	NOUN
དཀྱིལ་	དཀྱིལ་	NOUN
གྱི་	གི་	PART
ཡི་གེ་	ཡི་གེ་	NOUN
ར་	ལ་	PART
།		PUNCT
དེ་ལས་	དེ་ལས་	NO_POS
ལྟེ་བ་	ལྟེ་བ་	NOUN
ར་	ལ་	PART
ཨཾ་		NON_WORD
ལ་	ལ་	ADP
ས་	གིས་	PART
བཅོམ་ལྡན་འདས་	བཅོམ་ལྡན་འདས་	NOUN
ཡོན་ཏན་	ཡོན་ཏན་	NOUN
རྣམ་པ་	རྣམ་པ་	NOUN
ར་	ལ་	PART
དག་པ་	དག་པ་	VERB
རིན་ཆེན་	རིན་ཆེན་	OTHER
འབྱུང་	འབྱུང་	VERB
ལྡན་	ལྡན་	VERB
ཞེ་	ཅེས་	PART
དང་	དང་	NO_POS
།		PUNCT
གསང་གནས་	གསང་གནས་	NO_POS
སུ་	སུ་	ADP
ཧ་ལ་	ཧ་ལ་	NO_POS
ས་	གིས་	PART
ཕྲིན་ལས་	ཕྲིན་ལས་	NOUN
རྣམ་པ་	རྣམ་པ་	NOUN
ར་	ལ་	PART
དག་པ་	དག་པ་	VERB
དོན་ཡོད་	དོན་ཡོད་	ADJ
གྲུབ་པ་	གྲུབ་པ་	VERB
ཞེ་	ཅེས་	PART
དང་	དང་	NO_POS
།		PUNCT
མགྲིན་པ་	མགྲིན་པ་	NOUN
ར་	ལ་	PART
ཨོཾ་	ཨོཾ་	X
ལ་	ལ་	ADP
ས་	གིས་	PART
གསུང་	གསུང་	VERB
རྡོ་རྗེ་	རྡོ་རྗེ་	NOUN
ཞེ་	ཅེས་	PART
དང་	དང་	NO_POS
།		PUNCT
སྤྱི་བོ་	སྤྱི་བོ་	NOUN
ར་	ལ་	PART
ཧཾ་		NON_WORD
ལ་	ལ་	ADP
ས་	གིས་	PART
སྐུ་རྡོ་རྗེ་	སྐུ་རྡོ་རྗེ་	NO_POS
།		PUNCT
ཞེ་	ཅེས་	PART
ལན་	ལན་	NOUN
གཅིག་	གཅིག་	NUM
མ་ཡིན་པ་	མ་ཡིན་པ་	OTHER
ར་	ལ་	PART
གསུངས་པ་	གསུངས་པ་	VERB
ལ་	ལ་	ADP
།		PUNCT
དེ་སྐད་	དེ་སྐད་	NO_POS
དུ་	ལ་	PART
སྨྲ་བ་	སྨྲ་བ་	VERB
ར་	ལ་	PART
ནུས་པ་	ནུས་པ་	VERB
ཤིན་ཏུ་	ཤིན་ཏུ་	NO_POS
ཡ་མཚན་	ཡ་མཚན་	ADJ
ནོ་	གོ་	PART
། །		PUNCT
ཡང་	ཀྱང་	PART
ཁ་ཅིག་	ཁ་ཅིག་	PRON
བརྟུལ་ཞུགས་	བརྟུལ་ཞུགས་	NOUN
ཀྱི་	གི་	PART
དབང་	དབང་	NOUN
དང་	དང་	NO_POS
།		PUNCT
རྡོ་རྗེ་	རྡོ་རྗེ་	NOUN
སློབ་དཔོན་	སློབ་དཔོན་	NOUN
གྱི་	གི་	PART
དབང་	དབང་	NOUN
ལ་	ལ་	ADP
།		PUNCT
དབང་	དབང་	NOUN
རྫ་	རྫ་	NOUN
ཀྱི་	གི་	PART
བསྐྱེད་	བསྐྱེད་	VERB
ཆོག་	ཆོག་	VERB
མི་	མི་	PART
བྱེད་	བྱེད་	VERB
དོ་	གོ་	PART
། །		PUNCT
དེ་	དེ་	DET
ལ་ད་	ལ་ད་	PROPN
དུང་	དུང་	NOUN
གོང་	གོང་	NOUN
དུ་	ལ་	PART
བོགས་	བོགས་	NOUN
དབྱུང་	དབྱུང་	NO_POS
དུ་ཡོད་	དུ་ཡོད་	NO_POS
དམ་	དམ་	PART
མེད་	མེད་	VERB
།		PUNCT
དང་པོ་	དང་པོ་	ADJ
ལྟ་	ལྟ་	OTHER
ན་	ན་	ADP
ཁྱེད་	ཁྱེད་	PRON
རང་	རང་	PRON
གི་	གི་	PART
ཡི་གེ་	ཡི་གེ་	NOUN
འི་	གི་	PART
མཇུག་	མཇུག་	NOUN
ཏུ་	ལ་	PART
གང་ཟག་	གང་ཟག་	NOUN
སོ་སོ་	སོ་སོ་	PRON
ས་	གིས་	PART
འདི་	འདི་	DET
ལ་	ལ་	ADP
འཕྲི་	འཕྲི་	NO_POS
མནན་	མནན་	VERB
མ་	མ་	PART
བྱེད་	བྱེད་	VERB
ཅིག་	ཅིག་	PART
ཅེས་	ཅེས་	PART
ཅིའི་ཕྱིར་	ཅིའི་ཕྱིར་	NO_POS
སྨྲ་	སྨྲ་	VERB
།		PUNCT
གལ་ཏེ་	གལ་ཏེ་	NO_POS
བོགས་	བོགས་	NOUN
དབྱུང་	དབྱུང་	NO_POS
དུ་	ལ་	PART
མེད་	མེད་	VERB
ན་	ན་	ADP
།		PUNCT
ཤིན་ཏུ་	ཤིན་ཏུ་	NO_POS
མི་རིགས་	མི་རིགས་	NOUN
ཏེ་	སྟེ་	PART
།		PUNCT
རྗེ་བཙུན་	རྗེ་བཙུན་	NOUN
གྱི་	གི་	PART
ལམ་	གམ་	PART
དུས་	དུས་	NOUN
ཀྱི་	གི་	PART
དབང་	དབང་	NOUN
གི་	གི་	PART
ཡི་གེ་	ཡི་གེ་	NOUN
ར་	ལ་	PART
།		PUNCT
དེ་	དེ་	DET
ལ་	ལ་	ADP
ཐུན་མོང་	ཐུན་མོང་	ADJ
གི་	གི་	PART
དབང་	དབང་	NOUN
དྲུག་	དྲུག་	NUM
རྡོ་རྗེ་	རྡོ་རྗེ་	NOUN
སློབ་དཔོན་	སློབ་དཔོན་	NOUN
གྱི་	གི་	PART
དབང་	དབང་	NOUN
དང་	དང་	NO_POS
བདུན་	བདུན་	NUM
ཀ་	ཀ་	DET
འི་	གི་	PART
བདག་	བདག་	PRON
དང་	དང་	NO_POS
དབང་	དབང་	NOUN
རྫ་	རྫ་	NOUN
གཉིས་ཀ་	གཉིས་ཀ་	OTHER
ཡོངས་སུ་	ཡོངས་སུ་	NO_POS
དག་པ་	དག་པ་	VERB
བཞི་	བཞི་	NUM
ས་	གིས་	PART
བྱིན་	བྱིན་	VERB
གྱིས་	གིས་	PART
བརླབ་	བརླབ་	NO_POS
དགོས་	དགོས་	VERB
ཏེ་	སྟེ་	PART
།		PUNCT
དེ་	དེ་	DET
འང་	ཀྱང་	PART
དམ་ཚིག་པ་	དམ་ཚིག་པ་	NOUN
ནི་	ནི་	NO_POS
རྒྱུ་དུས་	རྒྱུ་དུས་	NO_POS
ཀྱི་	གི་	PART
དང་	དང་	NO_POS
མི་	མི་	PART
འདྲ་	འདྲ་	VERB
སྟེ་	སྟེ་	PART
།		PUNCT
ཕོ་བྲང་	ཕོ་བྲང་	NOUN
ལྔ་	ལྔ་	NUM
འི་	གི་	PART
གཙོ་བོ་	གཙོ་བོ་	ADJ
ར་	ལ་	PART
འཕོ་	འཕོ་	VERB
།		PUNCT
རྡོ་རྗེ་	རྡོ་རྗེ་	NOUN
འཆང་	འཆང་	NO_POS
ཡང་	ཀྱང་	PART
ཞལ་	ཞལ་	NOUN
གཅིག་	གཅིག་	NUM
ཕྱག་	ཕྱག་	NOUN
གཉིས་པ་	གཉིས་པ་	NUM
ར་	ལ་	PART
འཕོ་	འཕོ་	VERB
ལ་	ལ་	ADP
།		PUNCT
ལྷག་མ་	ལྷག་མ་	NOUN
རྣམས་	རྣམས་	DET
ནི་	ནི་	NO_POS
རྒྱུ་དུས་	རྒྱུ་དུས་	NO_POS
ཀྱི་	གི་	PART
དང་	དང་	NO_POS
ཁྱད་པར་	ཁྱད་པར་	NOUN
མེད་	མེད་	VERB
དེ་	དེ་	DET
ཞེ་	ཅེས་	PART
གསུངས་པ་	གསུངས་པ་	VERB
ལ་	ལ་	ADP
།		PUNCT
ཅིའི་ཕྱིར་	ཅིའི་ཕྱིར་	NO_POS
།		PUNCT
བརྟུལ་ཞུགས་	བརྟུལ་ཞུགས་	NOUN
དང་	དང་	NO_POS
།		PUNCT
རྡོ་རྗེ་	རྡོ་རྗེ་	NOUN
སློབ་དཔོན་	སློབ་དཔོན་	NOUN
གྱི་	གི་	PART
དབང་	དབང་	NOUN
ལ་	ལ་	ADP
དབང་	དབང་	NOUN
རྫ་	རྫ་	NOUN
ལ་	ལ་	ADP
བསྐྱེད་	བསྐྱེད་	VERB
ཆོག་	ཆོག་	VERB
མི་	མི་	PART
དགོས་པ་	དགོས་པ་	VERB
ཡིན་	ཡིན་	NO_POS
།		PUNCT
ཡང་	ཀྱང་	PART
ཁ་ཅིག་	ཁ་ཅིག་	PRON
རྒྱ་	རྒྱ་	VERB
གདབ་	གདབ་	NO_POS
ཀྱི་	གི་	PART
སྐབས་	སྐབས་	NOUN
སུ་	སུ་	ADP
།		PUNCT
སཾ་		NON_WORD
བྷུ་		NON_WORD
ཊི་		NON_WORD
ལ་	ལ་	ADP
ས་	གིས་	PART
།		PUNCT
རྡོ་རྗེ་	རྡོ་རྗེ་	NOUN
སེམས་དཔའ་	སེམས་དཔའ་	NOUN
ཞེ་	ཅེས་	PART
བྱ་	བྱ་	VERB
ར་	ལ་	PART
བཤད་	བཤད་	VERB
། །		PUNCT
བདེ་བ་	བདེ་བ་	VERB
དམ་པ་	དམ་པ་	VERB
རུ་	ལ་	PART
ནི་	ནི་	NO_POS
བརྗོད་	བརྗོད་	VERB
། །		PUNCT
ཞེས་་	ཞེས་པ་	PART
འཁོར་ལོ་	འཁོར་ལོ་	NOUN
དྲུག་	དྲུག་	NUM
ཏུ་	ལ་	PART
འདོད་པ་	འདོད་པ་	VERB
རྣམས་	རྣམས་	DET
ཀྱི་	གི་	PART
ལུགས་	ལུགས་	NOUN
ལ་	ལ་	ADP
།		PUNCT
སྤྱི་གཙུག་	སྤྱི་གཙུག་	NOUN
གི་	གི་	PART
འཁོར་ལོ་	འཁོར་ལོ་	NOUN
རྡོ་རྗེ་	རྡོ་རྗེ་	NOUN
སེམས་དཔའ་	སེམས་དཔའ་	NOUN
བསྒོམ་པ་	བསྒོམ་པ་	VERB
ལ་	ལ་	ADP
འབྲུ་	འབྲུ་	NOUN
མནན་པ་	མནན་པ་	VERB
ས་	གིས་	PART
ཆོག་	ཆོག་	VERB
མོད་	མོད་	VERB
།		PUNCT
མན་ངག་	མན་ངག་	NOUN
འདི་པ་	འདི་པ་	PRON
འི་	གི་	PART
ལུགས་	ལུགས་	NOUN
ལ་	ལ་	ADP
།		PUNCT
རྒྱ་	རྒྱ་	VERB
འདེབས་	འདེབས་	VERB
ཀྱིས་	གིས་	PART
ལྷ་	ལྷ་	NOUN
བསྟན་པ་	བསྟན་པ་	VERB
ཡིན་	ཡིན་	NO_POS
ཞིང་	ཞིང་	SCONJ
།		PUNCT
དེ་	དེ་	DET
དང་	དང་	NO_POS
མཐུན་པ་	མཐུན་པ་	VERB
ར་	ལ་	PART
སློབ་དཔོན་	སློབ་དཔོན་	NOUN
དགྲ་	དགྲ་	NOUN
ལ་	ལ་	ADP
ས་	གིས་	PART
རྣམ་རྒྱལ་	རྣམ་རྒྱལ་	NOUN
གྱིས་	གིས་	PART
།		PUNCT
ཕྱག་རྒྱ་	ཕྱག་རྒྱ་	NOUN
བཞི་	བཞི་	NUM
འི་	གི་	PART
རྒྱ་	རྒྱ་	VERB
འདེབས་	འདེབས་	VERB
ལ་	ལ་	ADP
ས་	གིས་	PART
།		PUNCT
ཀུན་	ཀུན་	DET
གྱི་	གི་	PART
དབང་	དབང་	NOUN
བསྐུར་	བསྐུར་	NO_POS
གནས་	གནས་	NOUN
སུ་	སུ་	ADP
ནི་	ནི་	NO_POS
། །		PUNCT
རྡོ་རྗེ་	རྡོ་རྗེ་	NOUN
སེམས་དཔའ་	སེམས་དཔའ་	NOUN
ཟླ་བ་	ཟླ་བ་	NOUN
འི་	གི་	PART
མདོག་	མདོག་	NOUN
།		PUNCT
ཅེས་	ཅེས་	PART
བཤད་པ་	བཤད་པ་	VERB
ས་	གིས་	PART
ལུས་	ལུས་	NOUN
དཀྱིལ་	དཀྱིལ་	NOUN
གྱི་	གི་	PART
ལྷ་	ལྷ་	NOUN
ལ་	ལ་	ADP
རྡོ་རྗེ་	རྡོ་རྗེ་	NOUN
སེམས་དཔ་	སེམས་དཔའ་	NOUN
འི་	གི་	PART
རྒྱ་	རྒྱ་	VERB
འདེབས་པ་	འདེབས་པ་	VERB
རྒྱུད་	རྒྱུད་	NOUN
དང་	དང་	NO_POS
རྒྱ་གར་བ་	རྒྱ་གར་བ་	PROPN
འི་	གི་	PART
དགོངས་པ་	དགོངས་པ་	VERB
ཡིན་པ་	ཡིན་པ་	AUX
ར་	ལ་	PART
གསལ་	གསལ་	VERB
ལོ་	ལོ་	NOUN
། །		PUNCT
ཞེ་	ཅེས་	PART
ཟེ་	ཟེ་	VERB
ཞིང་	ཞིང་	SCONJ
།		PUNCT
ངག་	ངག་	NOUN
དོན་	དོན་	NOUN
གྱི་	གི་	PART
སྐབས་	སྐབས་	NOUN
སུ་	སུ་	ADP
།		PUNCT
ལུས་	ལུས་	NOUN
དཀྱིལ་	དཀྱིལ་	NOUN
གྱི་	གི་	PART
ལྷ་	ལྷ་	NOUN
ཐམས་ཅད་	ཐམས་ཅད་	DET
ལ་	ལ་	ADP
རྡོ་རྗེ་	རྡོ་རྗེ་	NOUN
སེམས་དཔ་	སེམས་དཔའ་	NOUN
ས་	གིས་	PART
དབུ་	དབུ་	NOUN
བརྒྱན་	བརྒྱན་	VERB
།		PUNCT
ཅེས་	ཅེས་	PART
ཟེ་	ཟེ་	VERB
རོ་	རོ་	NOUN
། །		PUNCT
དེ་ལས་	དེ་ལས་	NO_POS
སཾ་		NON_WORD
བྷུ་		NON_WORD
ཊིའི་		NON_WORD
ལུང་	ལུང་	NOUN
དེ་	དེ་	DET
ས་	གིས་	PART
།		PUNCT
རིགས་	རིགས་	NOUN
བདག་	བདག་	PRON
གི་	གི་	PART
རྒྱ་	རྒྱ་	VERB
གདབ་	གདབ་	NO_POS
སྟོན་པ་	སྟོན་པ་	NOUN
ར་	ལ་	PART
གང་	གང་	NO_POS
ལ་	ལ་	ADP
ས་	གིས་	PART
བཤད་	བཤད་	VERB
།		PUNCT
གནད་	གནད་	NOUN
ཀྱི་	གི་	PART
གསལ་བྱེད་	གསལ་བྱེད་	NOUN
ལ་	ལ་	ADP
ས་	གིས་	PART
ནི་	ནི་	NO_POS
།		PUNCT
གསང་བ་	གསང་བ་	VERB
ལ་	ལ་	ADP
ནི་	ནི་	NO_POS
ས་	ས་	ADP
འི་	གི་	PART
ཁམས་	ཁམས་	NOUN
ཞེས་་	ཞེས་པ་	PART
ན་	ནས་	PART
བརྩམ་	བརྩམ་	VERB
སྟེ་	སྟེ་	PART
།		PUNCT
ཆོ་	ཆོ་	NOUN
ཀྱི་	གི་	PART
སྐུ་	སྐུ་	NOUN
ནི་	ནི་	NO_POS
རབ་ཏུ་	རབ་ཏུ་	NO_POS
གྲག་	གྲག་	VERB
། །		PUNCT
ཞེས་་	ཞེས་པ་	PART
འི་	གི་	PART
བ་	བ་	NOUN
གྱི་	གི་	PART
རང་	རང་	PRON
འབྱུང་	འབྱུང་	VERB
གི་	གི་	PART
ཡེ་ཤེས་	ཡེ་ཤེས་	NOUN
ཀྱི་	གི་	PART
མཚན་ཉིད་	མཚན་ཉིད་	NOUN
སྟོན་པ་	སྟོན་པ་	NOUN
ལ་	ལ་	ADP
།		PUNCT
དེ་	དེ་	DET
ལ་	ལ་	ADP
རྒྱས་པ་	རྒྱས་པ་	VERB
ར་	ལ་	PART
བསྟན་པ་	བསྟན་པ་	VERB
དང་	དང་	NO_POS
།		PUNCT
བསྡུ་	བསྡུ་	VERB
ཏེ་	སྟེ་	PART
བསྟན་པ་	བསྟན་པ་	VERB
དང་	དང་	NO_POS
།		PUNCT
ཤིན་ཏུ་	ཤིན་ཏུ་	NO_POS
བསྡུ་	བསྡུ་	VERB
ཏེ་	སྟེ་	PART
བསྟན་པ་	བསྟན་པ་	VERB
འོ་	གོ་	PART
། །		PUNCT
དང་པོ་	དང་པོ་	ADJ
ལ་	ལ་	ADP
གསུམ་	གསུམ་	NUM
།		PUNCT
རྟེན་	རྟེན་	NOUN
ཞུ་བ་	ཞུ་བ་	VERB
འབྱུང་བ་	འབྱུང་བ་	VERB
ལྔ་	ལྔ་	NUM
ར་	ལ་	PART
བསྟན་པ་	བསྟན་པ་	VERB
།		PUNCT
བརྟེན་པ་	བརྟེན་པ་	VERB
བདེ་བ་	བདེ་བ་	VERB
ཡེ་ཤེས་	ཡེ་ཤེས་	NOUN
ལྔ་	ལྔ་	NUM
ར་	ལ་	PART
བསྟན་པ་	བསྟན་པ་	VERB
།		PUNCT
དེ་ཉིད་	དེ་ཉིད་	NOUN
རིགས་	རིགས་	NOUN
ལྔ་	ལྔ་	NUM
ར་	ལ་	PART
བསྟན་པ་	བསྟན་པ་	VERB
།		PUNCT
ཞེ་	ཅེས་	PART
གསུང་པ་	གསུང་པ་	VERB
འི་	གི་	PART
རིགས་	རིགས་	NOUN
ལྔ་	ལྔ་	NUM
ར་	ལ་	PART
བསྟན་པ་	བསྟན་པ་	VERB
འི་	གི་	PART
སྐབས་	སྐབས་	NOUN
སུ་	སུ་	ADP
།		PUNCT
ཤིན་ཏུ་	ཤིན་ཏུ་	NO_POS
རྣམ་དག་	རྣམ་དག་	ADJ
ཡེ་ཤེས་	ཡེ་ཤེས་	NOUN
ཚོགས་	ཚོགས་	NOUN
། །		PUNCT
རྡོ་རྗེ་	རྡོ་རྗེ་	NOUN
སེམས་དཔའ་	སེམས་དཔའ་	NOUN
ཞེ་	ཅེས་	PART
བྱ་	བྱ་	VERB
ར་	ལ་	PART
བཤད་	བཤད་	VERB
། །		PUNCT
ཅེས་པ་	ཅེས་པ་	PART
འི་	གི་	PART
ཚིག་རྐང་	ཚིག་རྐང་	OTHER
གཉིས་	གཉིས་	NUM
བསྡེབས་	བསྡེབས་	NO_POS
ཏེ་	སྟེ་	PART
།		PUNCT
མི་བསྐྱོད་པ་	མི་བསྐྱོད་པ་	NO_POS
རྡོ་རྗེ་	རྡོ་རྗེ་	NOUN
སེམས་དཔའ་	སེམས་དཔའ་	NOUN
གཉིས་ཀ་	གཉིས་ཀ་	OTHER
ཕྱོགས་	ཕྱོགས་	NOUN
གཅིག་	གཅིག་	NUM
ཏུ་	ལ་	PART
ཐམས་ཅད་	ཐམས་ཅད་	DET
བདག་ཉིད་	བདག་ཉིད་	NOUN
ཀྱིས་	གིས་	PART
སྟོན་པ་	སྟོན་པ་	NOUN
འི་	གི་	PART
གཞུང་	གཞུང་	NOUN
ཡིན་པ་	ཡིན་པ་	AUX
ས་	གིས་	PART
དེ་	དེ་	DET
ནི་	ནི་	NO_POS
རྒྱས་པ་	རྒྱས་པ་	VERB
ར་	ལ་	PART
བསྟན་པ་	བསྟན་པ་	VERB
འི་	གི་	PART
སྐབས་	སྐབས་	NOUN
ཡིན་	ཡིན་	NO_POS
ལ་	ལ་	ADP
།		PUNCT
བདེ་བ་	བདེ་བ་	VERB
དམ་པ་	དམ་པ་	VERB
རུ་	ལ་	PART
ནི་	ནི་	NO_POS
བརྗོད་	བརྗོད་	VERB
། །		PUNCT
ཅེས་པ་	ཅེས་པ་	PART
ནི་	ནི་	NO_POS
།		PUNCT
བསྡུ་	བསྡུ་	VERB
ཏེ་	སྟེ་	PART
བསྟན་པ་	བསྟན་པ་	VERB
ལ་	ལ་	ADP
།		PUNCT
རྟེན་	རྟེན་	NOUN
ཐིག་ལེ་	ཐིག་ལེ་	NOUN
བསྡུ་	བསྡུ་	VERB
ཏེ་	སྟེ་	PART
བསྟན་པ་	བསྟན་པ་	VERB
དང་	དང་	NO_POS
།		PUNCT
བརྟེན་པ་	བརྟེན་པ་	VERB
བདེ་སྟོང་	བདེ་སྟོང་	NOUN
བསྡུ་	བསྡུ་	VERB
ཏེ་	སྟེ་	PART
བསྟན་པ་	བསྟན་པ་	VERB
གཉིས་	གཉིས་	NUM
ཀྱི་	གི་	PART
།		PUNCT
བརྟེན་པ་	བརྟེན་པ་	VERB
བདེ་སྟོང་	བདེ་སྟོང་	NOUN
བསྡུ་	བསྡུ་	VERB
ཏེ་	སྟེ་	PART
བསྟན་པ་	བསྟན་པ་	VERB
ཡིན་པ་	ཡིན་པ་	AUX
ར་	ལ་	PART
གསུངས་པ་	གསུངས་པ་	VERB
ས་	གིས་	PART
།		PUNCT
གཞུང་	གཞུང་	NOUN
མཚམས་	མཚམས་	NOUN
ཀྱང་	ཀྱང་	PART
ཐ་དད་	ཐ་དད་	ADJ
ཅིང་	ཅིང་	PART
།		PUNCT
རིགས་	རིགས་	NOUN
བདག་	བདག་	PRON
གི་	གི་	PART
རྒྱ་	རྒྱ་	VERB
གདབ་	གདབ་	NO_POS
སྟོན་པ་	སྟོན་པ་	NOUN
ར་	ལ་	PART
དོགས་པ་	དོགས་པ་	VERB
འི་	གི་	PART
གནས་	གནས་	NOUN
ཙམ་	ཙམ་	DET
ཡང་	ཀྱང་	PART
མེད་	མེད་	VERB
ལ་	ལ་	ADP
།		PUNCT
རང་	རང་	PRON
བློ་	བློ་	NOUN
ས་	གིས་	PART
སྦྱར་བ་	སྦྱར་བ་	VERB
ས་	གིས་	PART
རྗེ་བཙུན་	རྗེ་བཙུན་	NOUN
གོང་མ་	གོང་མ་	ADJ
འི་	གི་	PART
ལུགས་	ལུགས་	NOUN
སུ་	སུ་	ADP
འགྱུར་	འགྱུར་	VERB
རམ་	གམ་	PART
ཅི་	ཅི་	NO_POS
།		PUNCT
སློབ་དཔོན་	སློབ་དཔོན་	NOUN
དགྲ་	དགྲ་	NOUN
ལ་	ལ་	ADP
ས་	གིས་	PART
རྣམ་རྒྱལ་བ་	རྣམ་རྒྱལ་བ་	NOUN
འི་	གི་	PART
གཞུང་	གཞུང་	NOUN
ཡང་	ཀྱང་	PART
།		PUNCT
ཕོ་བྲང་	ཕོ་བྲང་	NOUN
དྲུག་པོ་	དྲུག་པོ་	NUM
སྟོན་པ་	སྟོན་པ་	NOUN
འི་	གི་	PART
གཞུང་	གཞུང་	NOUN
ཡིན་	ཡིན་	NO_POS
གྱི་	གི་	PART
།		PUNCT
རིགས་	རིགས་	NOUN
བདག་	བདག་	PRON
གི་	གི་	PART
རྒྱ་	རྒྱ་	VERB
གདབ་	གདབ་	NO_POS
སྟོན་པ་	སྟོན་པ་	NOUN
འི་	གི་	PART
གཞུང་མ་	གཞུང་མ་	NO_POS
ཡིན་	ཡིན་	NO_POS
ཏེ་	སྟེ་	PART
།		PUNCT
གཞུང་	གཞུང་	NOUN
གི་	གི་	PART
སྐབས་	སྐབས་	NOUN
ལ་	ལ་	ADP
དཔྱད་པ་	དཔྱད་པ་	VERB
ས་	གིས་	PART
ཤེས་པ་	ཤེས་པ་	VERB
ཡིན་	ཡིན་	NO_POS
ནོ་	གོ་	PART
། །		PUNCT
དེ་ལྟ་	དེ་ལྟ་	NO_POS
ན་	ན་	ADP
།		PUNCT
སྒྲུབ་བྱེད་	སྒྲུབ་བྱེད་	NOUN
རྣམ་པ་	རྣམ་པ་	NOUN
ར་	ལ་	PART
དག་པ་	དག་པ་	VERB
མེད་	མེད་	VERB
བཞིན་	བཞིན་	NOUN
དུ་	ལ་	PART
རྗེ་བཙུན་	རྗེ་བཙུན་	NOUN
གྱི་	གི་	PART
གསུང་	གསུང་	VERB
རྣམས་	རྣམས་	DET
དོར་	དོར་	VERB
ན་	ནས་	PART
གཞན་	གཞན་	DET
སྨྲ་བ་	སྨྲ་བ་	VERB
འདི་	འདི་	DET
ལ་	ལ་	ADP
དགོས་པ་	དགོས་པ་	VERB
ཅི་ཞིག་	ཅི་ཞིག་	NO_POS
ཡོད་	ཡོད་	VERB
།		PUNCT
འོ་ན་	འོ་ན་	NO_POS
རྗེ་བཙུན་	རྗེ་བཙུན་	NOUN
གོང་མ་	གོང་མ་	ADJ
འི་	གི་	PART
གསུང་	གསུང་	VERB
ལ་	ལ་	ADP
ས་	གིས་	PART
ཇི་ལྟ་		
བཤད་	བཤད་	VERB
ཅེ་ན་	ཅེ་ན་	PART
།		PUNCT
སྲ་	སྲ་	NOUN
དོན་	དོན་	NOUN
མ་ལ་	མ་ལ་	INTJ
ས་	གིས་	PART
།		PUNCT
དབང་	དབང་	NOUN
སྟེགས་	སྟེགས་	NOUN
ནི་	ནི་	NO_POS
ལྷ་	ལྷ་	NOUN
ཐམས་ཅད་	ཐམས་ཅད་	DET
ལ་	ལ་	ADP
བླངས་	བླངས་	VERB
ན་	ན་	ADP
གཙོ་བོ་	གཙོ་བོ་	ADJ
ལྔ་	ལྔ་	NUM
ལ་	ལ་	ADP
སྐུ་རྡོ་རྗེ་	སྐུ་རྡོ་རྗེ་	NO_POS
རྣམ་སྣང་	རྣམ་སྣང་	PROPN
ལ་སོགས་པ་	ལ་སོགས་པ་	NO_POS
འི་	གི་	PART
རིགས་	རིགས་	NOUN
ལྔ་	ལྔ་	NUM
།		PUNCT
འཁོར་	འཁོར་	NOUN
རྣམས་	རྣམས་	DET
ལ་	ལ་	ADP
རང་རང་	རང་རང་	NO_POS
གི་	གི་	PART
གཙོ་བོ་	གཙོ་བོ་	ADJ
འམ་	གམ་	PART
།		PUNCT
ཡང་ན་	ཡང་ན་	NO_POS
ཐམས་ཅད་	ཐམས་ཅད་	DET
ཀྱི་	གི་	PART
དབུ་	དབུ་	NOUN
ལ་	ལ་	ADP
གནས་	གནས་	NOUN
ལྔ་	ལྔ་	NUM
ར་	ལ་	PART
རྡོ་རྗེ་	རྡོ་རྗེ་	NOUN
རྩེ་	རྩེ་	NOUN
ལྔ་པ་	ལྔ་པ་	NUM
རེ་རེ་	རེ་རེ་	DET
བསམ་	བསམ་	NOUN
མོ་	མོ་	PRON
། །		PUNCT
ཞེ་	ཅེས་	PART
དང་	དང་	NO_POS
།		PUNCT
འཕགས་པ་	འཕགས་པ་	VERB
རིན་པོ་ཆེ་	རིན་པོ་ཆེ་	ADJ
ས་	གིས་	PART
།		PUNCT
གཙོ་བོ་	གཙོ་བོ་	ADJ
ལྔ་	ལྔ་	NUM
ལ་	ལ་	ADP
རྡོ་རྗེ་	རྡོ་རྗེ་	NOUN
སེམས་དཔའ་	སེམས་དཔའ་	NOUN
།		PUNCT
ཕོ་བྲང་	ཕོ་བྲང་	NOUN
ལྔ་	ལྔ་	NUM
འི་	གི་	PART
འཁོར་	འཁོར་	NOUN
རྣམས་	རྣམས་	DET
ལ་	ལ་	ADP
རང་རང་	རང་རང་	NO_POS
གི་	གི་	PART
གཙོ་བོ་	གཙོ་བོ་	ADJ
།		PUNCT
སྐྱེ་མཆེད་	སྐྱེ་མཆེད་	NOUN
ཀྱི་	གི་	PART
ལྷ་	ལྷ་	NOUN
རྣམས་	རྣམས་	DET
ལ་	ལ་	ADP
རང་རང་	རང་རང་	NO_POS
གི་	གི་	PART
ཁ་དོག་	ཁ་དོག་	NOUN
དང་	དང་	NO_POS
མཐུན་པ་	མཐུན་པ་	VERB
འི་	གི་	PART
རིགས་	རིགས་	NOUN
བདག་	བདག་	PRON
ཁྲོ་བོ་	ཁྲོ་བོ་	NOUN
བཅུ་	བཅུ་	NUM
ལ་	ལ་	ADP
སྲུང་འཁོར་	སྲུང་འཁོར་	NOUN
གྱི་	གི་	PART
སྐབས་	སྐབས་	NOUN
ན་	ནས་	PART
འབྱུང་བ་	འབྱུང་བ་	VERB
བཞིན་	བཞིན་	NOUN
།		PUNCT
རིགས་	རིགས་	NOUN
ཀྱི་	གི་	PART
བདག་པོ་	བདག་པོ་	NOUN
ས་	གིས་	PART
དབུ་	དབུ་	NOUN
བརྒྱན་པ་	བརྒྱན་པ་	VERB
ར་	ལ་	PART
བསམ་	བསམ་	NOUN
མོ་	མོ་	PRON
། །		PUNCT
ཞེ་	ཅེས་	PART
གསུངས་པ་	གསུངས་པ་	VERB
ཡིན་	ཡིན་	NO_POS
ནོ་	གོ་	PART
། །		PUNCT
འོ་ན་	འོ་ན་	NO_POS
བཤད་པ་	བཤད་པ་	VERB
གཉིས་པོ་	གཉིས་པོ་	NUM
མ་	མ་	PART
མཐུན་པ་	མཐུན་པ་	VERB
ས་	གིས་	PART
འཕགས་པ་	འཕགས་པ་	VERB
ས་	གིས་	PART
གསུང་པ་	གསུང་པ་	VERB
དེ་	དེ་	DET
མི་	མི་	PART
འཐད་	འཐད་	VERB
དོ་	གོ་	PART
ཞེ་ན་	ཅེ་ན་	PART
།		PUNCT
མི་མཐུན་པ་	མི་མཐུན་པ་	NO_POS
ར་	ལ་	PART
སྣང་བ་	སྣང་བ་	VERB
ནི་	ནི་	NO_POS
བརྒྱུད་པ་	བརྒྱུད་པ་	VERB
འི་	གི་	PART
མན་ངག་	མན་ངག་	NOUN
མེད་པ་	མེད་པ་	VERB
ར་	ལ་	PART
།		PUNCT
ཡི་གེ་	ཡི་གེ་	NOUN
ལ་	ལ་	ADP
ཐུགས་	ཐུགས་	NOUN
ཕྲད་	ཕྲད་	VERB
དུ་	ལ་	PART
བྱས་པ་	བྱས་པ་	VERB
འི་	གི་	PART
སྨྲ་བ་	སྨྲ་བ་	VERB
སྟེ་	སྟེ་	PART
།		PUNCT
འདི་	འདི་	DET
ར་	ལ་	PART
རྡོ་རྗེ་	རྡོ་རྗེ་	NOUN
སེམས་དཔའ་	སེམས་དཔའ་	NOUN
ནི་	ནི་	NO_POS
།		PUNCT
རིགས་	རིགས་	NOUN
ལྔ་པོ་	ལྔ་པོ་	NUM
རང་རང་	རང་རང་	NO_POS
གི་	གི་	PART
རྒྱུ་	རྒྱུ་	NOUN
རྡོ་རྗེ་	རྡོ་རྗེ་	NOUN
འཛིན་པ་	འཛིན་པ་	VERB
ཡིན་པ་	ཡིན་པ་	AUX
ས་	གིས་	PART
།		PUNCT
རང་རིགས་	རང་རིགས་	OTHER
ཀྱིས་	གིས་	PART
རྒྱས་བཏབ་པ་	རྒྱས་བཏབ་པ་	NO_POS
ཡང་	ཀྱང་	PART
ཡིན་	ཡིན་	NO_POS
ལ་	ལ་	ADP
།		PUNCT
རྡོ་རྗེ་	རྡོ་རྗེ་	NOUN
སེམས་དཔ་	སེམས་དཔའ་	NOUN
ས་	གིས་	PART
རྒྱས་བཏབ་པ་	རྒྱས་བཏབ་པ་	NO_POS
ཡང་	ཀྱང་	PART
ཡིན་པ་	ཡིན་པ་	AUX
ས་	གིས་	PART
དོན་	དོན་	NOUN
གཅིག་	གཅིག་	NUM
ཡིན་	ཡིན་	NO_POS
ནོ་	གོ་	PART
། །		PUNCT
ཡང་	ཀྱང་	PART
ཁ་ཅིག་	ཁ་ཅིག་	PRON
ན་རེ་	ན་རེ་	ADP
།		PUNCT
དབང་	དབང་	NOUN
བསྐུར་	བསྐུར་	NO_POS
དང་	དང་	NO_POS
རབ་གནས་	རབ་གནས་	NOUN
ལ་སོགས་པ་	ལ་སོགས་པ་	NO_POS
འི་	གི་	PART
དུས་	དུས་	NOUN
སུ་	སུ་	ADP
ཡང་	ཀྱང་	PART
།		PUNCT
རབ་ཏུ་	རབ་ཏུ་	NO_POS
བྱུང་བ་	བྱུང་བ་	VERB
རྣམས་	རྣམས་	DET
ཀྱིས་	གིས་	PART
ཚོགས་	ཚོགས་	NOUN
ཀྱི་	གི་	PART
འཁོར་ལོ་	འཁོར་ལོ་	NOUN
བྱ་བ་	བྱ་བ་	VERB
མ་	མ་	PART
ཡིན་	ཡིན་	NO_POS
ཏེ་	སྟེ་	PART
།		PUNCT
ཆོ་	ཆོ་	NOUN
ཀྱི་	གི་	PART
རྗེ་ས་	རྗེ་ས་	NO_POS
སྐྱ་	སྐྱ་	VERB
པཎྜི་ཏ་	པཎྜི་ཏ་	NOUN
ས་	གིས་	PART
བཀག་པ་	བཀག་པ་	VERB
འི་	གི་	PART
ཕྱི་	ཕྱི་	OTHER
།		PUNCT
ཞེ་	ཅེས་	PART
དང་	དང་	NO_POS
།		PUNCT
དེ་	དེ་	DET
ལ་	ལ་	ADP
ཡང་	ཀྱང་	PART
དཔའ་བོ་	དཔའ་བོ་	NOUN
དང་	དང་	NO_POS
དཔའ་མོ་	དཔའ་མོ་	NOUN
གཉིས་ཀ་	གཉིས་ཀ་	OTHER
འདུ་	འདུ་	VERB
ན་	ན་	ADP
ཚོགས་	ཚོགས་	NOUN
ཀྱི་	གི་	PART
འཁོར་ལོ་	འཁོར་ལོ་	NOUN
ཞེ་	ཅེས་	PART
བྱ་	བྱ་	VERB
ལ་	ལ་	ADP
།		PUNCT
དཔའ་བོ་	དཔའ་བོ་	NOUN
གཅིག་པུ་	གཅིག་པུ་	ADJ
འདུས་པ་	འདུས་པ་	VERB
ལ་	ལ་	ADP
ནི་	ནི་	NO_POS
དཔའ་བོ་	དཔའ་བོ་	NOUN
འི་	གི་	PART
སྟོན་མོ་	སྟོན་མོ་	NOUN
ཞེ་	ཅེས་	PART
བྱ་	བྱ་	VERB
འི་	གི་	PART
།		PUNCT
ཚོགས་	ཚོགས་	NOUN
ཀྱི་	གི་	PART
འཁོར་ལོ་	འཁོར་ལོ་	NOUN
ཞེ་	ཅེས་	PART
མི་	མི་	PART
བྱ་	བྱ་	VERB
འོ་	གོ་	PART
། །		PUNCT
ཞེ་	ཅེས་	PART
ཟེར་བ་	ཟེར་བ་	VERB
ར་	ལ་	PART
གྲག་	གྲག་	VERB
གོ་	གོ་	VERB
།		PUNCT
དེ་	དེ་	DET
ལ་	ལ་	ADP
དང་པོ་	དང་པོ་	ADJ
དེ་ཉིད་	དེ་ཉིད་	NOUN
ནི་	ནི་	NO_POS
རྣམ་པ་	རྣམ་པ་	NOUN
ར་	ལ་	PART
མ་	མ་	PART
བརྟགས་པ་	བརྟགས་པ་	VERB
འི་	གི་	PART
སྨྲ་བ་	སྨྲ་བ་	VERB
སྟེ་	སྟེ་	PART
།		PUNCT
ཆོ་	ཆོ་	NOUN
ཀྱི་	གི་	PART
རྗེས་	རྗེས་	NOUN
ཚོགས་	ཚོགས་	NOUN
ཀྱི་	གི་	PART
ཡོ་བྱད་	ཡོ་བྱད་	NOUN
ལ་	ལ་	ADP
།		PUNCT
ལུགས་	ལུགས་	NOUN
གཉིས་	གཉིས་	NUM
ལ་	ལ་	ADP
ས་	གིས་	PART
།		PUNCT
རབ་ཏུ་	རབ་ཏུ་	NO_POS
བྱུང་བ་	བྱུང་བ་	VERB
སྡོམ་བརྩོན་	སྡོམ་བརྩོན་	NOUN
གྱི་	གི་	PART
ལུགས་	ལུགས་	NOUN
ལ་	ལ་	ADP
ནི་	ནི་	NO_POS
གཏོར་མ་	གཏོར་མ་	NOUN
ལ་	ལ་	ADP
ཤ་	ཤ་	NOUN
དང་	དང་	NO_POS
ཆང་	ཆང་	NOUN
ལ་སོགས་པ་	ལ་སོགས་པ་	NO_POS
དབུལ་	དབུལ་	NO_POS
།		PUNCT
སྡོམ་བརྩོན་	སྡོམ་བརྩོན་	NOUN
རྣམས་	རྣམས་	DET
ཀྱི་ལྕེ་	ཀྱི་ལྕེ་	NO_POS
ལ་	ལ་	ADP
བདུད་རྩི་	བདུད་རྩི་	NOUN
རེག་	རེག་	VERB
སྟེ་	སྟེ་	PART
།		PUNCT
མྱང་	མྱང་	VERB
ཙམ་	ཙམ་	DET
བྱ་	བྱ་	VERB
།		PUNCT
གཞན་	གཞན་	DET
བུ་རམ་	བུ་རམ་	OTHER
དང་	དང་	NO_POS
ཤིང་ཏོག་	ཤིང་ཏོག་	NOUN
ལ་སོགས་པ་	ལ་སོགས་པ་	NO_POS
ལ་	ལ་	ADP
།		PUNCT
གསང་བ་	གསང་བ་	VERB
ལ་སོགས་པ་	ལ་སོགས་པ་	NO_POS
གཏོར་མ་	གཏོར་མ་	NOUN
བྱིན་	བྱིན་	VERB
གྱིས་	གིས་	PART
བརླབ་པ་	བརླབ་པ་	VERB
ལྟ་	ལྟ་	OTHER
བྱ་	བྱ་	VERB
།		PUNCT
ཤ་ལྔ་	ཤ་ལྔ་	NO_POS
བདུད་རྩི་	བདུད་རྩི་	NOUN
ལྔ་	ལྔ་	NUM
ར་	ལ་	PART
བསྒོམ་	བསྒོམ་	VERB
སྟེ་	སྟེ་	PART
ཟོས་པ་	ཟོས་པ་	VERB
ས་	གིས་	PART
རྩ་ལྟུང་	རྩ་ལྟུང་	OTHER
བཅུ་གསུམ་པ་	བཅུ་གསུམ་པ་	NO_POS
འི་	གི་	PART
ཉེས་པ་	ཉེས་པ་	VERB
མི་	མི་	PART
འབྱུང་	འབྱུང་	VERB
།		PUNCT
སངས་རྒྱས་	སངས་རྒྱས་	NOUN
དང་	དང་	NO_POS
བྱང་ཆུབ་	བྱང་ཆུབ་	NOUN
སེམས་དཔའ་	སེམས་དཔའ་	NOUN
དང་	དང་	NO_POS
།		PUNCT
ཡེ་ཤེས་	ཡེ་ཤེས་	NOUN
ཀྱི་	གི་	PART
མཁའ་འགྲོ་	མཁའ་འགྲོ་	NOUN
མ་	མ་	PART
རྣམས་	རྣམས་	DET
ཀྱིས་	གིས་	PART
བྱིན་	བྱིན་	VERB
གྱིས་	གིས་	PART
བརླབ་བོ་	བརླབ་བོ་	NO_POS
། །		PUNCT
ཞེ་	ཅེས་	PART
དང་	དང་	NO_POS
།		PUNCT
རྣལ་འབྱོར་པ་	རྣལ་འབྱོར་པ་	NOUN
རྣམས་	རྣམས་	DET
ཀྱི་	གི་	PART
ཚོགས་	ཚོགས་	NOUN
ཀྱི་	གི་	PART
འཁོར་ལོ་	འཁོར་ལོ་	NOUN
འི་	གི་	PART
ལུགས་	ལུགས་	NOUN
ནི་	ནི་	NO_POS
།		PUNCT
མ་	མ་	PART
ད་	ད་	ADV
ན་	ན་	ADP
དང་བ་	དང་བ་	NOUN
ལ་སོགས་པ་	ལ་སོགས་པ་	NO_POS
དམ་ཚིག་	དམ་ཚིག་	NOUN
གི་	གི་	PART
རྫ་	རྫ་	NOUN
ཅི་	ཅི་	NO_POS
ཚོགས་པ་	ཚོགས་པ་	VERB
ལ་	ལ་	ADP
གསང་བ་	གསང་བ་	VERB
ལ་སོགས་པ་	ལ་སོགས་པ་	NO_POS
བྱིན་རླབས་	བྱིན་རླབས་	NOUN
སྔ་	སྔ་	NOUN
དང་	དང་	NO_POS
མཐུན་པ་	མཐུན་པ་	VERB
ར་	ལ་	PART
བྱ་	བྱ་	VERB
།		PUNCT
ཞེ་	ཅེས་	PART
སོགས་	སོགས་	DET
གསུངས་པ་	གསུངས་པ་	VERB
ས་	གིས་	PART
།		PUNCT
ཚོགས་	ཚོགས་	NOUN
ཀྱི་	གི་	PART
ཡོ་བྱད་	ཡོ་བྱད་	NOUN
ལ་	ལ་	ADP
ཁྱད་པར་	ཁྱད་པར་	NOUN
གསུངས་	གསུངས་	VERB
ཀྱི་	གི་	PART
།		PUNCT
སྡོམ་བརྩོན་	སྡོམ་བརྩོན་	NOUN
རྣམས་	རྣམས་	DET
ཀྱི་	གི་	PART
ཚོགས་འཁོར་	ཚོགས་འཁོར་	NOUN
མི་	མི་	PART
བྱ་	བྱ་	VERB
ཞེ་	ཅེས་	PART
གཏན་	གཏན་	NOUN
གསུངས་པ་	གསུངས་པ་	VERB
མེད་པ་	མེད་པ་	VERB
འི་	གི་	PART
ཕྱི་	ཕྱི་	OTHER
དང་	དང་	NO_POS
།		PUNCT
དེ་	དེ་	DET
འི་	གི་	PART
ཕྱི་	ཕྱི་	OTHER
ཁྱེད་	ཁྱེད་	PRON
ཀྱི་	གི་	PART
ཆོ་ག་	ཆོ་ག་	NOUN
འི་	གི་	PART
སྐབས་	སྐབས་	NOUN
སོ་སོ་	སོ་སོ་	PRON
དང་	དང་	NO_POS
།		PUNCT
དུས་	དུས་	NOUN
ཁྱད་པར་ཅན་	ཁྱད་པར་ཅན་	ADJ
རྣམས་	རྣམས་	DET
སུ་	སུ་	ADP
།		PUNCT
སྡོམ་བརྩོན་	སྡོམ་བརྩོན་	NOUN
གྱི་	གི་	PART
ཆོ་ག་	ཆོ་ག་	NOUN
གསུང་པ་	གསུང་པ་	VERB
འདི་	འདི་	DET
ཡང་	ཀྱང་	PART
མ་	མ་	PART
བྱས་པ་	བྱས་པ་	VERB
ས་	གིས་	PART
།		PUNCT
ཆོ་ག་	ཆོ་ག་	NOUN
འི་	གི་	PART
ཡན་ལག་	ཡན་ལག་	NOUN
ཉམས་པ་	ཉམས་པ་	VERB
དང་	དང་	NO_POS
།		PUNCT
ཁྱད་པར་	ཁྱད་པར་	NOUN
གྱི་	གི་	PART
བཟའ་བ་	བཟའ་བ་	VERB
འི་	གི་	PART
དམ་ཚིག་	དམ་ཚིག་	NOUN
ཉམས་པ་	ཉམས་པ་	VERB
འི་	གི་	PART
ཕྱི་	ཕྱི་	OTHER
དང་	དང་	NO_POS
།		PUNCT
དེ་	དེ་	DET
འི་	གི་	PART
འགལ་	འགལ་	VERB
སྤོང་	སྤོང་	VERB
དུ་	ལ་	PART
།		PUNCT
འོ་ན་	འོ་ན་	NO_POS
སྦྱང་	སྦྱང་	VERB
རྟོགས་	རྟོགས་	VERB
སྦ་	སྦ་	PROPN
ར་	ལ་	PART
གསུམ་	གསུམ་	NUM
དངོ་	དངོ་	NOUN
སུ་	སུ་	ADP
བྱ་	བྱ་	VERB
མི་	མི་	PART
ནུས་པ་	ནུས་པ་	VERB
ལ་	ལ་	ADP
།		PUNCT
ཚོགས་འཁོར་	ཚོགས་འཁོར་	NOUN
མི་	མི་	PART
རུང་པ་	རུང་པ་	SCONJ
ར་	ལ་	PART
སྣང་	སྣང་	VERB
ལ་	ལ་	ADP
།		PUNCT
དེ་ལྟ་	དེ་ལྟ་	NO_POS
ན་	ན་	ADP
།		PUNCT
ལ་	ལ་	ADP
ས་	གིས་	PART
དང་པོ་པ་	དང་པོ་པ་	ADJ
ས་	གིས་	PART
དབང་	དབང་	NOUN
བསྐུར་	བསྐུར་	NO_POS
གྱི་	གི་	PART
དུས་	དུས་	NOUN
དང་	དང་	NO_POS
།		PUNCT
དམ་ཚིག་	དམ་ཚིག་	NOUN
ཏུ་	ལ་	PART
བཟའ་བ་	བཟའ་བ་	VERB
འི་	གི་	PART
དམ་ཚིག་	དམ་ཚིག་	NOUN
གསུངས་པ་	གསུངས་པ་	VERB
དེ་	དེ་	DET
ཉམས་པ་	ཉམས་པ་	VERB
ར་	ལ་	PART
འགྱུར་	འགྱུར་	VERB
རོ་	རོ་	NOUN
སྙམ་	སྙམ་	VERB
ན་	ན་	ADP
།		PUNCT
དེ་	དེ་	DET
ནི་	ནི་	NO_POS
ཆོ་ག་	ཆོ་ག་	NOUN
བཞིན་	བཞིན་	NOUN
དུ་	ལ་	PART
བསྒྲུབ་པ་	བསྒྲུབ་པ་	VERB
འི་	གི་	PART
བདུད་རྩི་	བདུད་རྩི་	NOUN
རིལ་བུ་	རིལ་བུ་	OTHER
བརྟེན་པ་	བརྟེན་པ་	VERB
ས་	གིས་	PART
དོན་གྲུབ་པ་	དོན་གྲུབ་པ་	PROPN
ཡིན་	ཡིན་	NO_POS
ནོ་	གོ་	PART
། །		PUNCT
ཞེ་	ཅེས་	PART
ཟེ་	ཟེ་	VERB
རོ་	རོ་	NOUN
། །		PUNCT
དེ་	དེ་	DET
ནི་	ནི་	NO_POS
རྒྱུན་	རྒྱུན་	NOUN
གྱི་	གི་	PART
བཟའ་བ་	བཟའ་བ་	VERB
འི་	གི་	PART
དམ་ཚིག་	དམ་ཚིག་	NOUN
དང་	དང་	NO_POS
།		PUNCT
ཁྱད་པར་	ཁྱད་པར་	NOUN
གྱི་	གི་	PART
བཟའ་བ་	བཟའ་བ་	VERB
འི་	གི་	PART
དམ་ཚིག་	དམ་ཚིག་	NOUN
མ་	མ་	PART
ཆད་པ་	ཆད་པ་	VERB
འི་	གི་	PART
སྨྲ་བ་	སྨྲ་བ་	VERB
ཡིན་	ཡིན་	NO_POS
ཞིང་	ཞིང་	SCONJ
།		PUNCT
ཁྱད་པར་	ཁྱད་པར་	NOUN
དུ་	ལ་	PART
བདུད་རྩི་	བདུད་རྩི་	NOUN
རིལ་བུ་	རིལ་བུ་	OTHER
མྱང་བ་	མྱང་བ་	VERB
ཁོ་ན་	ཁོ་ན་	DET
ས་	གིས་	PART
།		PUNCT
སྡོམ་བརྩོན་	སྡོམ་བརྩོན་	NOUN
གྱི་	གི་	PART
ཚོགས་འཁོར་	ཚོགས་འཁོར་	NOUN
གྱི་	གི་	PART
གོ་	གོ་	VERB
ཆོད་པ་	ཆོད་པ་	VERB
ར་	ལ་	PART
།		PUNCT
ཆོ་	ཆོ་	NOUN
ཀྱི་	གི་	PART
རྗེས་	རྗེས་	NOUN
གསུངས་པ་	གསུངས་པ་	VERB
མེད་པ་	མེད་པ་	VERB
འི་	གི་	PART
ཕྱི་	ཕྱི་	OTHER
དང་	དང་	NO_POS
།		PUNCT
སྡོམ་བརྩོན་	སྡོམ་བརྩོན་	NOUN
གྱི་	གི་	PART
དེ་ལྟ་	དེ་ལྟ་	NO_POS
བུ་	བུ་	NOUN
ཡང་	ཀྱང་	PART
།		PUNCT
རྗེ་བཙུན་	རྗེ་བཙུན་	NOUN
ས་སྐྱ་པ་	ས་སྐྱ་པ་	PROPN
ཡབ་	ཡབ་	NOUN
སྲ་	སྲ་	NOUN
ཀྱི་	གི་	PART
བཞེད་པ་	བཞེད་པ་	VERB
ནི་	ནི་	NO_POS
མ་	མ་	PART
ཡིན་	ཡིན་	NO_POS
ཏེ་	སྟེ་	PART
།		PUNCT
དེ་ཡང་	དེ་ཡང་	ADV
ཆོས་རྗེ་	ཆོས་རྗེ་	NOUN
ཉིད་	ཉིད་	DET
ཀྱི་	གི་	PART
བཞེད་པ་	བཞེད་པ་	VERB
ནི་	ནི་	NO_POS
མ་	མ་	PART
ཡིན་	ཡིན་	NO_POS
ཏེ་	སྟེ་	PART
།		PUNCT
དེས་ན་	དེས་ན་	NO_POS
རྒྱ་གར་	རྒྱ་གར་	PROPN
གྱི་	གི་	PART
སློབ་དཔོན་	སློབ་དཔོན་	NOUN
ཀླུ་སྒྲུབ་	ཀླུ་སྒྲུབ་	PROPN
ཡབ་	ཡབ་	NOUN
སྲ་	སྲ་	NOUN
།		PUNCT
ཐོགས་མེད་	ཐོགས་མེད་	PROPN
སྐུ་མཆེད་	སྐུ་མཆེད་	NOUN
ན་	ནས་	PART
བཟུང་	བཟུང་	NO_POS
སྟེ་	སྟེ་	PART
།		PUNCT
ཇོ་བོ་	ཇོ་བོ་	NOUN
རྗེ་	རྗེ་	NO_POS
དང་	དང་	NO_POS
།		PUNCT
ཁོ་བོ་	ཁོ་བོ་	PRON
འི་	གི་	PART
མཁན་པོ་	མཁན་པོ་	NOUN
བསོད་སྙོམས་པ་	བསོད་སྙོམས་པ་	NOUN
ཆེན་པོ་	ཆེན་པོ་	ADJ
ལ་སོགས་པ་	ལ་སོགས་པ་	NO_POS
རྣམས་	རྣམས་	DET
ཀྱིས་	གིས་	PART
ཚོགས་	ཚོགས་	NOUN
ཀྱི་	གི་	PART
འཁོར་ལོ་	འཁོར་ལོ་	NOUN
འི་	གི་	PART
ལུགས་	ལུགས་	NOUN
འདི་	འདི་	DET
ཡིན་	ཡིན་	NO_POS
ནོ་	གོ་	PART
། །		PUNCT
ཞེ་	ཅེས་	PART
གསུངས་པ་	གསུངས་པ་	VERB
འི་	གི་	PART
ཕྱི་	ཕྱི་	OTHER
དང་	དང་	NO_POS
།		PUNCT
དེ་ཉིད་	དེ་ཉིད་	NOUN
རྗེ་བཙུན་	རྗེ་བཙུན་	NOUN
ཡབ་	ཡབ་	NOUN
སྲ་	སྲ་	NOUN
ཀྱི་	གི་	PART
བཞེད་པ་	བཞེད་པ་	VERB
ཡིན་	ཡིན་	NO_POS
ན་	ན་	ADP
།		PUNCT
རྩ་ལྟུང་	རྩ་ལྟུང་	OTHER
འཁྲུལ་	འཁྲུལ་	NO_POS
སྤོང་	སྤོང་	VERB
དུ་	ལ་	PART
།		PUNCT
ལྟུང་བ་	ལྟུང་བ་	VERB
བཅུ་གསུམ་པ་	བཅུ་གསུམ་པ་	NO_POS
འི་	གི་	PART
ལྟུང་བ་	ལྟུང་བ་	VERB
འི་	གི་	PART
ངོ་བོ་	ངོ་བོ་	NOUN
ཉིད་	ཉིད་	DET
རྣམ་པ་	རྣམ་པ་	NOUN
ར་	ལ་	PART
བཞག་པ་	བཞག་པ་	VERB
འི་	གི་	PART
ཐད་	ཐད་	NOUN
དུ་	ལ་	PART
།		PUNCT
ཡང་	ཀྱང་	PART
རབ་ཏུ་	རབ་ཏུ་	NO_POS
བྱུང་བ་	བྱུང་བ་	VERB
ལ་སོགས་པ་	ལ་སོགས་པ་	NO_POS
འི་	གི་	PART
བཅིངས་པ་	བཅིངས་པ་	VERB
འམ་	གམ་	PART
།		PUNCT
ཕྱི་དྲོ་	ཕྱི་དྲོ་	ADV
འི་	གི་	PART
ཟ་	ཟ་	NOUN
བརྟེན་པ་	བརྟེན་པ་	VERB
འི་	གི་	PART
ལྟུང་བ་	ལྟུང་བ་	VERB
བྱུང་	བྱུང་	VERB
དུ་	ལ་	PART
དོགས་པ་	དོགས་པ་	VERB
འི་	གི་	PART
བསམ་པ་	བསམ་པ་	VERB
ས་	གིས་	PART
མི་	མི་	PART
བརྟེན་པ་	བརྟེན་པ་	VERB
འོ་	གོ་	PART
། །		PUNCT
ཞེ་	ཅེས་	PART
གསུངས་པ་	གསུངས་པ་	VERB
ཇི་ལྟ་		
དྲངས་	དྲངས་	NO_POS
།		PUNCT
གལ་ཏེ་	གལ་ཏེ་	NO_POS
བསླབ་པ་	བསླབ་པ་	VERB
ས་	གིས་	PART
བཅིངས་པ་	བཅིངས་པ་	VERB
སོགས་	སོགས་	DET
ཀྱིས་	གིས་	PART
མི་	མི་	PART
བརྟེན་པ་	བརྟེན་པ་	VERB
མ་	མ་	PART
ཡིན་	ཡིན་	NO_POS
གྱི་	གི་	PART
།		PUNCT
བསྟན་པ་	བསྟན་པ་	VERB
ལ་	ལ་	ADP
བག་ཡངས་	བག་ཡངས་	NO_POS
སུ་	སུ་	ADP
བྱ་	བྱ་	VERB
དོགས་པ་	དོགས་པ་	VERB
ས་	གིས་	PART
ཡིན་	ཡིན་	NO_POS
ནོ་	གོ་	PART
ཞེ་ན་	ཅེ་ན་	PART
།		PUNCT
འོ་ན་	འོ་ན་	NO_POS
སྡོམ་བརྩོན་	སྡོམ་བརྩོན་	NOUN
གྱི་	གི་	PART
ལུགས་	ལུགས་	NOUN
དེ་	དེ་	DET
བྱས་པ་	བྱས་པ་	VERB
ས་	གིས་	PART
བག་ཡངས་	བག་ཡངས་	NO_POS
སུ་	སུ་	ADP
མི་	མི་	PART
བྱེད་པ་	བྱེད་པ་	VERB
ལ་	ལ་	ADP
ཅི་ཞིག་	ཅི་ཞིག་	NO_POS
གནོད་	གནོད་	VERB
།		PUNCT
གཉིས་པ་	གཉིས་པ་	NUM
དཔའ་བོ་	དཔའ་བོ་	NOUN
གཅིག་	གཅིག་	NUM
བུ་	བུ་	NOUN
འདུས་པ་	འདུས་པ་	VERB
ལ་	ལ་	ADP
ཚོགས་	ཚོགས་	NOUN
ཀྱི་	གི་	PART
འཁོར་ལོ་	འཁོར་ལོ་	NOUN
ཞེ་	ཅེས་	PART
གདགས་	གདགས་	NO_POS
སུ་	སུ་	ADP
མི་	མི་	PART
རུང་བ་	རུང་བ་	VERB
ར་	ལ་	PART
སྨྲ་བ་	སྨྲ་བ་	VERB
དེ་	དེ་	DET
ནི་	ནི་	NO_POS
ཤིན་ཏུ་	ཤིན་ཏུ་	NO_POS
ཡང་	ཀྱང་	PART
མ་	མ་	PART
བརྟགས་པ་	བརྟགས་པ་	VERB
འི་	གི་	PART
སྨྲ་	སྨྲ་	VERB
སྟེ་	སྟེ་	PART
།		PUNCT
ངག་	ངག་	NOUN
དོན་བསྡུས་	དོན་བསྡུས་	NOUN
ན་	ན་	ADP
།		PUNCT
དཔའ་བོ་	དཔའ་བོ་	NOUN
འི་	གི་	PART
སྟོན་མོ་	སྟོན་མོ་	NOUN
ཚོགས་	ཚོགས་	NOUN
ཀྱི་	གི་	PART
འཁོར་ལོ་	འཁོར་ལོ་	NOUN
ཡིན་	ཡིན་	NO_POS
ཏེ་	སྟེ་	PART
།		PUNCT
ཁྱད་པར་	ཁྱད་པར་	NOUN
གྱི་	གི་	PART
བཟའ་བ་	བཟའ་བ་	VERB
འི་	གི་	PART
དམ་ཚིག་	དམ་ཚིག་	NOUN
ཚོགས་	ཚོགས་	NOUN
ཀྱི་	གི་	PART
འཁོར་ལོ་	འཁོར་ལོ་	NOUN
ཡིན་པ་	ཡིན་པ་	AUX
འི་	གི་	PART
ཕྱི་	ཕྱི་	OTHER
།		PUNCT
དེ་ལྟ་	དེ་ལྟ་	NO_POS
ཡང་	ཀྱང་	PART
།		PUNCT
མངོན་རྟོགས་	མངོན་རྟོགས་	NOUN
ལྗོན་ཤིང་	ལྗོན་ཤིང་	NOUN
ལ་	ལ་	ADP
ས་	གིས་	PART
།		PUNCT
ཁྱད་པར་	ཁྱད་པར་	NOUN
གྱི་	གི་	PART
བཟའ་བ་	བཟའ་བ་	VERB
འི་	གི་	PART
དམ་ཚིག་	དམ་ཚིག་	NOUN
གི་	གི་	PART
ནི་	ནི་	NO_POS
ཚོགས་	ཚོགས་	NOUN
ཀྱི་	གི་	PART
འཁོར་ལོ་	འཁོར་ལོ་	NOUN
སྟེ་	སྟེ་	PART
།		PUNCT
དེ་	དེ་	DET
ལ་	ལ་	ADP
གཉིས་	གཉིས་	NUM
།		PUNCT
མིང་དོན་	མིང་དོན་	OTHER
དང་	དང་	NO_POS
།		PUNCT
ཆོ་ག་	ཆོ་ག་	NOUN
འོ་	གོ་	PART
། །		PUNCT
དང་པོ་	དང་པོ་	ADJ
ལ་	ལ་	ADP
ལྔ་	ལྔ་	NUM
།		PUNCT
གང་ཟག་	གང་ཟག་	NOUN
གི་	གི་	PART
དབྱེ་བ་	དབྱེ་བ་	VERB
དང་	དང་	NO_POS
།		PUNCT
རྣལ་འབྱོར་	རྣལ་འབྱོར་	NOUN
གྱི་	གི་	PART
དབྱེ་བ་	དབྱེ་བ་	VERB
དང་	དང་	NO_POS
།		PUNCT
དུས་	དུས་	NOUN
ཀྱི་	གི་	PART
དབྱེ་བ་	དབྱེ་བ་	VERB
དང་	དང་	NO_POS
།		PUNCT
དགོས་པ་	དགོས་པ་	VERB
ས་	གིས་	PART
དབྱེ་བ་	དབྱེ་བ་	VERB
དང་	དང་	NO_POS
།		PUNCT
མཆོད་	མཆོད་	VERB
བྱ་	བྱ་	VERB
དབྱེ་བ་	དབྱེ་བ་	VERB
འོ་	གོ་	PART
། །		PUNCT
དང་པོ་	དང་པོ་	ADJ
ལ་	ལ་	ADP
གསུམ་	གསུམ་	NUM
།		PUNCT
དཔའ་བོ་	དཔའ་བོ་	NOUN
རྣལ་འབྱོར་	རྣལ་འབྱོར་	NOUN
མ་	མ་	PART
ཚོགས་པ་	ཚོགས་པ་	VERB
ཚོགས་	ཚོགས་	NOUN
ཀྱི་	གི་	PART
འཁོར་ལོ་	འཁོར་ལོ་	NOUN
ཞེ་	ཅེས་	PART
བྱ་	བྱ་	VERB
ལ་	ལ་	ADP
། །		PUNCT
དཔའ་བོ་	དཔའ་བོ་	NOUN
འབའ་ཞིག་	འབའ་ཞིག་	NO_POS
ཚོགས་	ཚོགས་	NOUN
ན་	ན་	ADP
དཔའ་བོ་	དཔའ་བོ་	NOUN
འི་	གི་	PART
སྟོན་མོ་	སྟོན་མོ་	NOUN
།		PUNCT
དཔའ་མོ་	དཔའ་མོ་	NOUN
འབའ་ཞིག་	འབའ་ཞིག་	NO_POS
ཚོགས་	ཚོགས་	NOUN
ན་	ན་	ADP
དཔའ་མོ་	དཔའ་མོ་	NOUN
འི་	གི་	PART
སྟོན་མོ་	སྟོན་མོ་	NOUN
། །		PUNCT
གཉིས་པ་	གཉིས་པ་	NUM
རྣལ་འབྱོར་	རྣལ་འབྱོར་	NOUN
གྱིས་	གིས་	PART
ཕྱེ་	ཕྱེ་	VERB
ན་	ན་	ADP
།		PUNCT
ལྷ་	ལྷ་	NOUN
འི་	གི་	PART
རྣལ་འབྱོར་	རྣལ་འབྱོར་	NOUN
མི་མཐུན་པ་	མི་མཐུན་པ་	NO_POS
དུ་མ་	དུ་མ་	ADJ
ཚོགས་	ཚོགས་	NOUN
ན་	ན་	ADP
མཛའ་བ་	མཛའ་བ་	VERB
འདུས་པ་	འདུས་པ་	VERB
།		PUNCT
གསུམ་པ་	གསུམ་པ་	NUM
དུས་	དུས་	NOUN
ཀྱིས་	གིས་	PART
ཕྱེ་	ཕྱེ་	VERB
ན་	ན་	ADP
སྦྱིན་སྲེག་	སྦྱིན་སྲེག་	NOUN
དང་	དང་	NO_POS
རབ་གནས་	རབ་གནས་	NOUN
ཀྱི་	གི་	PART
དུས་	དུས་	NOUN
ལ་	ལ་	ADP
ཙ་	ཙ་	NOUN
རུའི་		NON_WORD
བཟའ་བ་	བཟའ་བ་	VERB
།		PUNCT
བཞི་པ་	བཞི་པ་	ADJ
དགོས་པ་	དགོས་པ་	VERB
ས་	གིས་	PART
ཕྱེ་	ཕྱེ་	VERB
ན་	ན་	ADP
།		PUNCT
ལྷ་	ལྷ་	NOUN
གྲངས་	གྲངས་	NOUN
དང་	དང་	NO_POS
མཐུན་པ་	མཐུན་པ་	VERB
དེ་	དེ་	DET
འི་	གི་	PART
འབག་	འབག་	NOUN
བྱ་	བྱ་	VERB
ཏེ་	སྟེ་	PART
ཚ་	ཚ་	VERB
བཅད་པ་	བཅད་པ་	VERB
ལ་སོགས་པ་	ལ་སོགས་པ་	NO_POS
འི་	གི་	PART
དུས་	དུས་	NOUN
སུ་	སུ་	ADP
བྱ་	བྱ་	VERB
ན་	ན་	ADP
སངས་རྒྱས་	སངས་རྒྱས་	NOUN
ཀྱི་	གི་	PART
ག་	ག་	NOUN
རོ་	རོ་	NOUN
། །		PUNCT
ལྔ་པ་	ལྔ་པ་	NUM
མཆོད་	མཆོད་	VERB
བྱ་	བྱ་	VERB
ཕྱེ་	ཕྱེ་	VERB
ན་	ན་	ADP
།		PUNCT
བྱེ་བྲག་	བྱེ་བྲག་	NOUN
ཏུ་	ལ་	PART
འཇིག་རྟེན་	འཇིག་རྟེན་	NOUN
དང་	དང་	NO_POS
འཇིག་རྟེན་	འཇིག་རྟེན་	NOUN
ལ་	ལ་	ADP
ས་	གིས་	PART
འདས་པ་	འདས་པ་	VERB
འི་	གི་	PART
མཁའ་འགྲོ་	མཁའ་འགྲོ་	NOUN
མ་	མ་	PART
འབའ་ཞིག་	འབའ་ཞིག་	NO_POS
མཆོད་	མཆོད་	VERB
ན་	ན་	ADP
རིགས་ལྡན་	རིགས་ལྡན་	PROPN
མ་	མ་	PART
མཆོད་པ་	མཆོད་པ་	VERB
དང་	དང་	NO_POS
།		PUNCT
གཞོན་ནུ་	གཞོན་ནུ་	ADJ
མ་	མ་	PART
འི་	གི་	PART
སྟོན་མོ་	སྟོན་མོ་	NOUN
།		PUNCT
ཞེ་	ཅེས་	PART
གཉིས་	གཉིས་	NUM
ཀྱི་	གི་	PART
མིང་ཐོབ་བོ་	མིང་ཐོབ་བོ་	NO_POS
། །		PUNCT
དེ་དག་	དེ་དག་	OTHER
ཀྱང་	ཀྱང་	PART
མངོན་པ་	མངོན་པ་	OTHER
རྟོགས་པ་	རྟོགས་པ་	VERB
གཅིག་	གཅིག་	NUM
ཡིན་པ་	ཡིན་པ་	AUX
ས་	གིས་	PART
ཞེ་	ཅེས་	PART
གསུངས་	གསུངས་	VERB
ལ་	ལ་	ADP
།		PUNCT
དེས་ན་	དེས་ན་	NO_POS
།		PUNCT
ནང་ཚན་	ནང་ཚན་	OTHER
གྱི་	གི་	PART
དབྱེ་བ་	དབྱེ་བ་	VERB
སོ་སོ་	སོ་སོ་	PRON
ལ་	ལ་	ADP
མིང་	མིང་	NOUN
སོ་སོ་	སོ་སོ་	PRON
ར་	ལ་	PART
བཏགས་པ་	བཏགས་པ་	VERB
ནི་	ནི་	NO_POS
སོ་སོ་	སོ་སོ་	PRON
འི་	གི་	PART
ཁྱད་པར་	ཁྱད་པར་	NOUN
ཤེས་པ་	ཤེས་པ་	VERB
ར་	ལ་	PART
བྱ་བ་	བྱ་བ་	VERB
འི་	གི་	PART
ཕྱི་	ཕྱི་	OTHER
ཡིན་	ཡིན་	NO_POS
གྱི་	གི་	PART
སྤྱི་མིང་	སྤྱི་མིང་	NOUN
འགོག་པ་	འགོག་པ་	VERB
ར་	ལ་	PART
བྱེད་པ་	བྱེད་པ་	VERB
མ་	མ་	PART
ཡིན་	ཡིན་	NO_POS
ནོ་	གོ་	PART
། །		PUNCT
གལ་ཏེ་	གལ་ཏེ་	NO_POS
ཡིན་	ཡིན་	NO_POS
ན་	ན་	ADP
།		PUNCT
དཔའ་བོ་	དཔའ་བོ་	NOUN
འི་	གི་	PART
སྟོན་མོ་	སྟོན་མོ་	NOUN
ལ་སོགས་པ་	ལ་སོགས་པ་	NO_POS
བདུན་པོ་	བདུན་པོ་	NUM
དེ་	དེ་	DET
རྒྱུན་	རྒྱུན་	NOUN
གྱི་	གི་	PART
བཟའ་བ་	བཟའ་བ་	VERB
འི་	གི་	PART
དམ་ཚིག་	དམ་ཚིག་	NOUN
ནི་	ནི་	NO_POS
ཡིན་	ཡིན་	NO_POS
དོན་མེད་	དོན་མེད་	ADJ
ལ་	ལ་	ADP
།		PUNCT
དེ་	དེ་	DET
འི་	གི་	PART
ཕྱི་	ཕྱི་	OTHER
བཟའ་བ་	བཟའ་བ་	VERB
འི་	གི་	PART
དམ་ཚིག་	དམ་ཚིག་	NOUN
གང་ཡང་	གང་ཡང་	NO_POS
མིན་པ་	མིན་པ་	VERB
ར་	ལ་	PART
ཐལ་	ཐལ་	VERB
ལོ་	ལོ་	NOUN
།། །།		PUNCT
དེ་ལྟ་	དེ་ལྟ་	NO_POS
འབད་	འབད་	VERB
ལ་	ལ་	ADP
ས་	གིས་	PART
བསོད་ནམས་	བསོད་ནམས་	NOUN
གང་	གང་	NO_POS
ཐོབ་པ་	ཐོབ་པ་	VERB
། །		PUNCT
དེ་	དེ་	DET
ཡི་	གིས་	PART
འགྲོ་	འགྲོ་	VERB
ཀུན་	ཀུན་	DET
ལོག་པ་	ལོག་པ་	VERB
འི་	གི་	PART
ལམ་	གམ་	PART
སྤངས་	སྤངས་	VERB
ན་	ནས་	PART
། །		PUNCT
ཡང་དག་	ཡང་དག་	ADJ
ལམ་	གམ་	PART
ལ་	ལ་	ADP
ལེགས་པ་	ལེགས་པ་	VERB
ར་	ལ་	PART
བརྩོན་	བརྩོན་	VERB
བྱ་	བྱ་	VERB
ཏེ་	སྟེ་	PART
། །		PUNCT
ཀུན་མཁྱེན་	ཀུན་མཁྱེན་	OTHER
རྒྱལ་བ་	རྒྱལ་བ་	NOUN
འི་	གི་	PART
གྲོང་	གྲོང་	NOUN
དུ་	ལ་	PART
འཇུག་པ་	འཇུག་པ་	VERB
ར་	ལ་	PART
ཤོག་	ཤོག་	VERB
།		PUNCT
ཅེས་པ་	ཅེས་པ་	PART
འདི་	འདི་	DET
གཙང་	གཙང་	PROPN
བྱམས་པ་	བྱམས་པ་	PROPN
རྡོ་རྗེ་	རྡོ་རྗེ་	NOUN
རྒྱལ་མཚན་	རྒྱལ་མཚན་	NOUN
གྱིས་	གིས་	PART
།		PUNCT
ས་མོ་	ས་མོ་	NO_POS
ཕག་ལོ་	ཕག་ལོ་	NO_POS
ཁྲུམས་	ཁྲུམས་	NO_POS
ཀྱི་	གི་	PART
ཟླ་བ་	ཟླ་བ་	NOUN
འི་	གི་	PART
ཡར་ཚེས་	ཡར་ཚེས་	NO_POS
བཅུ་གཉིས་	བཅུ་གཉིས་	NO_POS
ལ་	ལ་	ADP
།		PUNCT
ཆོས་གྲྭ་	ཆོས་གྲྭ་	NOUN
ཆེན་པོ་	ཆེན་པོ་	ADJ
དཔལ་ལྡན་	དཔལ་ལྡན་	ADJ
ས་སྐྱ་	ས་སྐྱ་	PROPN
འི་	གི་	PART
གྲང་མོ་	གྲང་མོ་	ADJ
ཆེ་	ཆེ་	VERB
འི་	གི་	PART
གཙུག་ལག་ཁང་	གཙུག་ལག་ཁང་	NOUN
དུ་	ལ་	PART
བྲིས་པ་	བྲིས་པ་	VERB
འོ་	གོ་	PART
"།།

།།"		PUNCT
		
གཙང་	གཙང་	PROPN
བྱམས་པ་	བྱམས་པ་	PROPN
རྡོ་རྗེ་	རྡོ་རྗེ་	NOUN
རྒྱལ་མཚན་	རྒྱལ་མཚན་	NOUN
།		PUNCT
རྣམ་བཤད་	རྣམ་བཤད་	NOUN
ཆུ་རྒྱུན་	ཆུ་རྒྱུན་	NOUN
བཞི་པ་	བཞི་པ་	ADJ
།		PUNCT
		
